Oct 03, 2026 7:50:32 PM com.google.cloud.datastore.emulator.firestore.websocket.WebSocketServer start
INFO: Started WebSocket server on ws://127.0.0.1:9150

API endpoint: http://127.0.0.1:8088
Database Edition: STANDARD
Database Mode: CLOUD_FIRESTORE

If you are using a library that supports the FIRESTORE_EMULATOR_HOST environment variable, run:

   export FIRESTORE_EMULATOR_HOST=127.0.0.1:8088

If you are running a Firestore in Datastore Mode project, run:

   export DATASTORE_EMULATOR_HOST=127.0.0.1:8088

Note: Support for Datastore Mode is in preview. If you encounter any bugs please file at https://github.com/firebase/firebase-tools/issues.
Dev App Server is now running.

Oct 03, 2026 7:50:33 PM io.gapi.emulators.netty.HttpVersionRoutingHandler channelRead
INFO: Detected non-HTTP/2 connection.
Oct 03, 2026 7:50:33 PM io.gapi.emulators.netty.HttpVersionRoutingHandler channelRead
INFO: Detected HTTP/2 connection.
Oct 03, 2026 7:50:33 PM io.gapi.emulators.netty.HttpVersionRoutingHandler channelRead
INFO: Detected non-HTTP/2 connection.
Oct 03, 2026 7:50:34 PM io.gapi.emulators.netty.HttpVersionRoutingHandler channelRead
INFO: Detected HTTP/2 connection.
Oct 03, 2026 7:50:34 PM io.gapi.emulators.netty.HttpVersionRoutingHandler channelRead
INFO: Detected HTTP/2 connection.
Oct 03, 2026 7:50:34 PM com.google.cloud.datastore.emulator.impl.util.WrappedStreamObserver onError
WARNING: Operation failed: 
false for 'create' @ L87, false for 'create' @ L347, false for 'update' @ L87, false for 'update' @ L347
com.google.cloud.datastore.core.exception.DatastoreException: 
false for 'create' @ L87, false for 'create' @ L347, false for 'update' @ L87, false for 'update' @ L347
	at com.google.cloud.datastore.core.exception.DatastoreException$Builder.build(DatastoreException.java:152)
	at com.google.cloud.datastore.emulator.impl.rules.DefaultEmulatorRulesAuthorizer.verboseError(DefaultEmulatorRulesAuthorizer.java:349)
	at com.google.cloud.datastore.emulator.impl.rules.DefaultEmulatorRulesAuthorizer.withVerboseErrors(DefaultEmulatorRulesAuthorizer.java:326)
	at com.google.cloud.datastore.emulator.impl.rules.DefaultEmulatorRulesAuthorizer.checkCommit(DefaultEmulatorRulesAuthorizer.java:113)
	at com.google.cloud.datastore.emulator.impl.firestore.FirestoreEmulatorHelper.commitHelper(FirestoreEmulatorHelper.java:407)
	at com.google.cloud.datastore.emulator.impl.firestore.FirestoreEmulatorHelper.internalCommit(FirestoreEmulatorHelper.java:348)
	at com.google.cloud.datastore.emulator.impl.firestore.CloudFirestoreV1.internalCommit(CloudFirestoreV1.java:1336)
	at com.google.cloud.datastore.emulator.impl.firestore.CloudFirestoreV1.write(CloudFirestoreV1.java:1321)
	at com.google.cloud.datastore.emulator.impl.firestore.CloudFirestoreV1WriteStream.handleRequest(CloudFirestoreV1WriteStream.java:222)
	at com.google.cloud.datastore.emulator.impl.firestore.CloudFirestoreV1WriteStream.write(CloudFirestoreV1WriteStream.java:144)
	at com.google.cloud.datastore.emulator.impl.firestore.CloudFirestoreV1WriteStream.onNext(CloudFirestoreV1WriteStream.java:99)
	at com.google.cloud.datastore.emulator.impl.firestore.CloudFirestoreV1WriteStream.onNext(CloudFirestoreV1WriteStream.java:27)
	at io.grpc.stub.ServerCalls$StreamingServerCallHandler$StreamingServerCallListener.onMessage(ServerCalls.java:262)
	at io.grpc.ForwardingServerCallListener.onMessage(ForwardingServerCallListener.java:33)
	at io.grpc.Contexts$ContextualizedServerCallListener.onMessage(Contexts.java:76)
	at io.grpc.ForwardingServerCallListener.onMessage(ForwardingServerCallListener.java:33)
	at io.grpc.Contexts$ContextualizedServerCallListener.onMessage(Contexts.java:76)
	at io.grpc.internal.ServerCallImpl$ServerStreamListenerImpl.messagesAvailableInternal(ServerCallImpl.java:334)
	at io.grpc.internal.ServerCallImpl$ServerStreamListenerImpl.messagesAvailable(ServerCallImpl.java:319)
	at io.grpc.internal.ServerImpl$JumpToApplicationThreadServerStreamListener$1MessagesAvailable.runInContext(ServerImpl.java:852)
	at io.grpc.internal.ContextRunnable.run(ContextRunnable.java:37)
	at io.grpc.internal.SerializingExecutor.run(SerializingExecutor.java:133)
	at java.base/java.util.concurrent.ThreadPoolExecutor.runWorker(Unknown Source)
	at java.base/java.util.concurrent.ThreadPoolExecutor$Worker.run(Unknown Source)
	at java.base/java.lang.Thread.run(Unknown Source)

Oct 03, 2026 7:50:34 PM com.google.cloud.datastore.emulator.impl.util.WrappedStreamObserver onError
WARNING: Operation failed: 
false for 'create' @ L122, false for 'create' @ L347, false for 'update' @ L127, false for 'update' @ L347
com.google.cloud.datastore.core.exception.DatastoreException: 
false for 'create' @ L122, false for 'create' @ L347, false for 'update' @ L127, false for 'update' @ L347
	at com.google.cloud.datastore.core.exception.DatastoreException$Builder.build(DatastoreException.java:152)
	at com.google.cloud.datastore.emulator.impl.rules.DefaultEmulatorRulesAuthorizer.verboseError(DefaultEmulatorRulesAuthorizer.java:349)
	at com.google.cloud.datastore.emulator.impl.rules.DefaultEmulatorRulesAuthorizer.withVerboseErrors(DefaultEmulatorRulesAuthorizer.java:326)
	at com.google.cloud.datastore.emulator.impl.rules.DefaultEmulatorRulesAuthorizer.checkCommit(DefaultEmulatorRulesAuthorizer.java:113)
	at com.google.cloud.datastore.emulator.impl.firestore.FirestoreEmulatorHelper.commitHelper(FirestoreEmulatorHelper.java:407)
	at com.google.cloud.datastore.emulator.impl.firestore.FirestoreEmulatorHelper.internalCommit(FirestoreEmulatorHelper.java:348)
	at com.google.cloud.datastore.emulator.impl.firestore.CloudFirestoreV1.internalCommit(CloudFirestoreV1.java:1336)
	at com.google.cloud.datastore.emulator.impl.firestore.CloudFirestoreV1.write(CloudFirestoreV1.java:1321)
	at com.google.cloud.datastore.emulator.impl.firestore.CloudFirestoreV1WriteStream.handleRequest(CloudFirestoreV1WriteStream.java:222)
	at com.google.cloud.datastore.emulator.impl.firestore.CloudFirestoreV1WriteStream.write(CloudFirestoreV1WriteStream.java:144)
	at com.google.cloud.datastore.emulator.impl.firestore.CloudFirestoreV1WriteStream.onNext(CloudFirestoreV1WriteStream.java:99)
	at com.google.cloud.datastore.emulator.impl.firestore.CloudFirestoreV1WriteStream.onNext(CloudFirestoreV1WriteStream.java:27)
	at io.grpc.stub.ServerCalls$StreamingServerCallHandler$StreamingServerCallListener.onMessage(ServerCalls.java:262)
	at io.grpc.ForwardingServerCallListener.onMessage(ForwardingServerCallListener.java:33)
	at io.grpc.Contexts$ContextualizedServerCallListener.onMessage(Contexts.java:76)
	at io.grpc.ForwardingServerCallListener.onMessage(ForwardingServerCallListener.java:33)
	at io.grpc.Contexts$ContextualizedServerCallListener.onMessage(Contexts.java:76)
	at io.grpc.internal.ServerCallImpl$ServerStreamListenerImpl.messagesAvailableInternal(ServerCallImpl.java:334)
	at io.grpc.internal.ServerCallImpl$ServerStreamListenerImpl.messagesAvailable(ServerCallImpl.java:319)
	at io.grpc.internal.ServerImpl$JumpToApplicationThreadServerStreamListener$1MessagesAvailable.runInContext(ServerImpl.java:852)
	at io.grpc.internal.ContextRunnable.run(ContextRunnable.java:37)
	at io.grpc.internal.SerializingExecutor.run(SerializingExecutor.java:133)
	at java.base/java.util.concurrent.ThreadPoolExecutor.runWorker(Unknown Source)
	at java.base/java.util.concurrent.ThreadPoolExecutor$Worker.run(Unknown Source)
	at java.base/java.lang.Thread.run(Unknown Source)

Oct 03, 2026 7:50:34 PM com.google.cloud.datastore.emulator.impl.util.WrappedStreamObserver onError
WARNING: Operation failed: 
false for 'create' @ L162, false for 'create' @ L347, false for 'update' @ L167, false for 'update' @ L347
com.google.cloud.datastore.core.exception.DatastoreException: 
false for 'create' @ L162, false for 'create' @ L347, false for 'update' @ L167, false for 'update' @ L347
	at com.google.cloud.datastore.core.exception.DatastoreException$Builder.build(DatastoreException.java:152)
	at com.google.cloud.datastore.emulator.impl.rules.DefaultEmulatorRulesAuthorizer.verboseError(DefaultEmulatorRulesAuthorizer.java:349)
	at com.google.cloud.datastore.emulator.impl.rules.DefaultEmulatorRulesAuthorizer.withVerboseErrors(DefaultEmulatorRulesAuthorizer.java:326)
	at com.google.cloud.datastore.emulator.impl.rules.DefaultEmulatorRulesAuthorizer.checkCommit(DefaultEmulatorRulesAuthorizer.java:113)
	at com.google.cloud.datastore.emulator.impl.firestore.FirestoreEmulatorHelper.commitHelper(FirestoreEmulatorHelper.java:407)
	at com.google.cloud.datastore.emulator.impl.firestore.FirestoreEmulatorHelper.internalCommit(FirestoreEmulatorHelper.java:348)
	at com.google.cloud.datastore.emulator.impl.firestore.CloudFirestoreV1.internalCommit(CloudFirestoreV1.java:1336)
	at com.google.cloud.datastore.emulator.impl.firestore.CloudFirestoreV1.write(CloudFirestoreV1.java:1321)
	at com.google.cloud.datastore.emulator.impl.firestore.CloudFirestoreV1WriteStream.handleRequest(CloudFirestoreV1WriteStream.java:222)
	at com.google.cloud.datastore.emulator.impl.firestore.CloudFirestoreV1WriteStream.write(CloudFirestoreV1WriteStream.java:144)
	at com.google.cloud.datastore.emulator.impl.firestore.CloudFirestoreV1WriteStream.onNext(CloudFirestoreV1WriteStream.java:99)
	at com.google.cloud.datastore.emulator.impl.firestore.CloudFirestoreV1WriteStream.onNext(CloudFirestoreV1WriteStream.java:27)
	at io.grpc.stub.ServerCalls$StreamingServerCallHandler$StreamingServerCallListener.onMessage(ServerCalls.java:262)
	at io.grpc.ForwardingServerCallListener.onMessage(ForwardingServerCallListener.java:33)
	at io.grpc.Contexts$ContextualizedServerCallListener.onMessage(Contexts.java:76)
	at io.grpc.ForwardingServerCallListener.onMessage(ForwardingServerCallListener.java:33)
	at io.grpc.Contexts$ContextualizedServerCallListener.onMessage(Contexts.java:76)
	at io.grpc.internal.ServerCallImpl$ServerStreamListenerImpl.messagesAvailableInternal(ServerCallImpl.java:334)
	at io.grpc.internal.ServerCallImpl$ServerStreamListenerImpl.messagesAvailable(ServerCallImpl.java:319)
	at io.grpc.internal.ServerImpl$JumpToApplicationThreadServerStreamListener$1MessagesAvailable.runInContext(ServerImpl.java:852)
	at io.grpc.internal.ContextRunnable.run(ContextRunnable.java:37)
	at io.grpc.internal.SerializingExecutor.run(SerializingExecutor.java:133)
	at java.base/java.util.concurrent.ThreadPoolExecutor.runWorker(Unknown Source)
	at java.base/java.util.concurrent.ThreadPoolExecutor$Worker.run(Unknown Source)
	at java.base/java.lang.Thread.run(Unknown Source)

Oct 03, 2026 7:50:34 PM com.google.cloud.datastore.emulator.impl.util.WrappedStreamObserver onError
WARNING: Operation failed: 
false for 'create' @ L194, false for 'create' @ L347, false for 'update' @ L200, false for 'update' @ L347
com.google.cloud.datastore.core.exception.DatastoreException: 
false for 'create' @ L194, false for 'create' @ L347, false for 'update' @ L200, false for 'update' @ L347
	at com.google.cloud.datastore.core.exception.DatastoreException$Builder.build(DatastoreException.java:152)
	at com.google.cloud.datastore.emulator.impl.rules.DefaultEmulatorRulesAuthorizer.verboseError(DefaultEmulatorRulesAuthorizer.java:349)
	at com.google.cloud.datastore.emulator.impl.rules.DefaultEmulatorRulesAuthorizer.withVerboseErrors(DefaultEmulatorRulesAuthorizer.java:326)
	at com.google.cloud.datastore.emulator.impl.rules.DefaultEmulatorRulesAuthorizer.checkCommit(DefaultEmulatorRulesAuthorizer.java:113)
	at com.google.cloud.datastore.emulator.impl.firestore.FirestoreEmulatorHelper.commitHelper(FirestoreEmulatorHelper.java:407)
	at com.google.cloud.datastore.emulator.impl.firestore.FirestoreEmulatorHelper.internalCommit(FirestoreEmulatorHelper.java:348)
	at com.google.cloud.datastore.emulator.impl.firestore.CloudFirestoreV1.internalCommit(CloudFirestoreV1.java:1336)
	at com.google.cloud.datastore.emulator.impl.firestore.CloudFirestoreV1.write(CloudFirestoreV1.java:1321)
	at com.google.cloud.datastore.emulator.impl.firestore.CloudFirestoreV1WriteStream.handleRequest(CloudFirestoreV1WriteStream.java:222)
	at com.google.cloud.datastore.emulator.impl.firestore.CloudFirestoreV1WriteStream.write(CloudFirestoreV1WriteStream.java:144)
	at com.google.cloud.datastore.emulator.impl.firestore.CloudFirestoreV1WriteStream.onNext(CloudFirestoreV1WriteStream.java:99)
	at com.google.cloud.datastore.emulator.impl.firestore.CloudFirestoreV1WriteStream.onNext(CloudFirestoreV1WriteStream.java:27)
	at io.grpc.stub.ServerCalls$StreamingServerCallHandler$StreamingServerCallListener.onMessage(ServerCalls.java:262)
	at io.grpc.ForwardingServerCallListener.onMessage(ForwardingServerCallListener.java:33)
	at io.grpc.Contexts$ContextualizedServerCallListener.onMessage(Contexts.java:76)
	at io.grpc.ForwardingServerCallListener.onMessage(ForwardingServerCallListener.java:33)
	at io.grpc.Contexts$ContextualizedServerCallListener.onMessage(Contexts.java:76)
	at io.grpc.internal.ServerCallImpl$ServerStreamListenerImpl.messagesAvailableInternal(ServerCallImpl.java:334)
	at io.grpc.internal.ServerCallImpl$ServerStreamListenerImpl.messagesAvailable(ServerCallImpl.java:319)
	at io.grpc.internal.ServerImpl$JumpToApplicationThreadServerStreamListener$1MessagesAvailable.runInContext(ServerImpl.java:852)
	at io.grpc.internal.ContextRunnable.run(ContextRunnable.java:37)
	at io.grpc.internal.SerializingExecutor.run(SerializingExecutor.java:133)
	at java.base/java.util.concurrent.ThreadPoolExecutor.runWorker(Unknown Source)
	at java.base/java.util.concurrent.ThreadPoolExecutor$Worker.run(Unknown Source)
	at java.base/java.lang.Thread.run(Unknown Source)

Oct 03, 2026 7:50:34 PM com.google.cloud.datastore.emulator.impl.util.WrappedStreamObserver onError
WARNING: Operation failed: 
false for 'create' @ L230, false for 'create' @ L347, false for 'update' @ L232, false for 'update' @ L347
com.google.cloud.datastore.core.exception.DatastoreException: 
false for 'create' @ L230, false for 'create' @ L347, false for 'update' @ L232, false for 'update' @ L347
	at com.google.cloud.datastore.core.exception.DatastoreException$Builder.build(DatastoreException.java:152)
	at com.google.cloud.datastore.emulator.impl.rules.DefaultEmulatorRulesAuthorizer.verboseError(DefaultEmulatorRulesAuthorizer.java:349)
	at com.google.cloud.datastore.emulator.impl.rules.DefaultEmulatorRulesAuthorizer.withVerboseErrors(DefaultEmulatorRulesAuthorizer.java:326)
	at com.google.cloud.datastore.emulator.impl.rules.DefaultEmulatorRulesAuthorizer.checkCommit(DefaultEmulatorRulesAuthorizer.java:113)
	at com.google.cloud.datastore.emulator.impl.firestore.FirestoreEmulatorHelper.commitHelper(FirestoreEmulatorHelper.java:407)
	at com.google.cloud.datastore.emulator.impl.firestore.FirestoreEmulatorHelper.internalCommit(FirestoreEmulatorHelper.java:348)
	at com.google.cloud.datastore.emulator.impl.firestore.CloudFirestoreV1.internalCommit(CloudFirestoreV1.java:1336)
	at com.google.cloud.datastore.emulator.impl.firestore.CloudFirestoreV1.write(CloudFirestoreV1.java:1321)
	at com.google.cloud.datastore.emulator.impl.firestore.CloudFirestoreV1WriteStream.handleRequest(CloudFirestoreV1WriteStream.java:222)
	at com.google.cloud.datastore.emulator.impl.firestore.CloudFirestoreV1WriteStream.write(CloudFirestoreV1WriteStream.java:144)
	at com.google.cloud.datastore.emulator.impl.firestore.CloudFirestoreV1WriteStream.onNext(CloudFirestoreV1WriteStream.java:99)
	at com.google.cloud.datastore.emulator.impl.firestore.CloudFirestoreV1WriteStream.onNext(CloudFirestoreV1WriteStream.java:27)
	at io.grpc.stub.ServerCalls$StreamingServerCallHandler$StreamingServerCallListener.onMessage(ServerCalls.java:262)
	at io.grpc.ForwardingServerCallListener.onMessage(ForwardingServerCallListener.java:33)
	at io.grpc.Contexts$ContextualizedServerCallListener.onMessage(Contexts.java:76)
	at io.grpc.ForwardingServerCallListener.onMessage(ForwardingServerCallListener.java:33)
	at io.grpc.Contexts$ContextualizedServerCallListener.onMessage(Contexts.java:76)
	at io.grpc.internal.ServerCallImpl$ServerStreamListenerImpl.messagesAvailableInternal(ServerCallImpl.java:334)
	at io.grpc.internal.ServerCallImpl$ServerStreamListenerImpl.messagesAvailable(ServerCallImpl.java:319)
	at io.grpc.internal.ServerImpl$JumpToApplicationThreadServerStreamListener$1MessagesAvailable.runInContext(ServerImpl.java:852)
	at io.grpc.internal.ContextRunnable.run(ContextRunnable.java:37)
	at io.grpc.internal.SerializingExecutor.run(SerializingExecutor.java:133)
	at java.base/java.util.concurrent.ThreadPoolExecutor.runWorker(Unknown Source)
	at java.base/java.util.concurrent.ThreadPoolExecutor$Worker.run(Unknown Source)
	at java.base/java.lang.Thread.run(Unknown Source)

Oct 03, 2026 7:50:34 PM com.google.cloud.datastore.emulator.impl.util.WrappedStreamObserver onError
WARNING: Operation failed: 
false for 'create' @ L243, false for 'create' @ L347, false for 'update' @ L247, false for 'update' @ L347
com.google.cloud.datastore.core.exception.DatastoreException: 
false for 'create' @ L243, false for 'create' @ L347, false for 'update' @ L247, false for 'update' @ L347
	at com.google.cloud.datastore.core.exception.DatastoreException$Builder.build(DatastoreException.java:152)
	at com.google.cloud.datastore.emulator.impl.rules.DefaultEmulatorRulesAuthorizer.verboseError(DefaultEmulatorRulesAuthorizer.java:349)
	at com.google.cloud.datastore.emulator.impl.rules.DefaultEmulatorRulesAuthorizer.withVerboseErrors(DefaultEmulatorRulesAuthorizer.java:326)
	at com.google.cloud.datastore.emulator.impl.rules.DefaultEmulatorRulesAuthorizer.checkCommit(DefaultEmulatorRulesAuthorizer.java:113)
	at com.google.cloud.datastore.emulator.impl.firestore.FirestoreEmulatorHelper.commitHelper(FirestoreEmulatorHelper.java:407)
	at com.google.cloud.datastore.emulator.impl.firestore.FirestoreEmulatorHelper.internalCommit(FirestoreEmulatorHelper.java:348)
	at com.google.cloud.datastore.emulator.impl.firestore.CloudFirestoreV1.internalCommit(CloudFirestoreV1.java:1336)
	at com.google.cloud.datastore.emulator.impl.firestore.CloudFirestoreV1.write(CloudFirestoreV1.java:1321)
	at com.google.cloud.datastore.emulator.impl.firestore.CloudFirestoreV1WriteStream.handleRequest(CloudFirestoreV1WriteStream.java:222)
	at com.google.cloud.datastore.emulator.impl.firestore.CloudFirestoreV1WriteStream.write(CloudFirestoreV1WriteStream.java:144)
	at com.google.cloud.datastore.emulator.impl.firestore.CloudFirestoreV1WriteStream.onNext(CloudFirestoreV1WriteStream.java:99)
	at com.google.cloud.datastore.emulator.impl.firestore.CloudFirestoreV1WriteStream.onNext(CloudFirestoreV1WriteStream.java:27)
	at io.grpc.stub.ServerCalls$StreamingServerCallHandler$StreamingServerCallListener.onMessage(ServerCalls.java:262)
	at io.grpc.ForwardingServerCallListener.onMessage(ForwardingServerCallListener.java:33)
	at io.grpc.Contexts$ContextualizedServerCallListener.onMessage(Contexts.java:76)
	at io.grpc.ForwardingServerCallListener.onMessage(ForwardingServerCallListener.java:33)
	at io.grpc.Contexts$ContextualizedServerCallListener.onMessage(Contexts.java:76)
	at io.grpc.internal.ServerCallImpl$ServerStreamListenerImpl.messagesAvailableInternal(ServerCallImpl.java:334)
	at io.grpc.internal.ServerCallImpl$ServerStreamListenerImpl.messagesAvailable(ServerCallImpl.java:319)
	at io.grpc.internal.ServerImpl$JumpToApplicationThreadServerStreamListener$1MessagesAvailable.runInContext(ServerImpl.java:852)
	at io.grpc.internal.ContextRunnable.run(ContextRunnable.java:37)
	at io.grpc.internal.SerializingExecutor.run(SerializingExecutor.java:133)
	at java.base/java.util.concurrent.ThreadPoolExecutor.runWorker(Unknown Source)
	at java.base/java.util.concurrent.ThreadPoolExecutor$Worker.run(Unknown Source)
	at java.base/java.lang.Thread.run(Unknown Source)

Oct 03, 2026 7:50:34 PM com.google.cloud.datastore.emulator.impl.util.WrappedStreamObserver onError
WARNING: Operation failed: 
false for 'create' @ L254, false for 'create' @ L347, false for 'update' @ L264, false for 'update' @ L347
com.google.cloud.datastore.core.exception.DatastoreException: 
false for 'create' @ L254, false for 'create' @ L347, false for 'update' @ L264, false for 'update' @ L347
	at com.google.cloud.datastore.core.exception.DatastoreException$Builder.build(DatastoreException.java:152)
	at com.google.cloud.datastore.emulator.impl.rules.DefaultEmulatorRulesAuthorizer.verboseError(DefaultEmulatorRulesAuthorizer.java:349)
	at com.google.cloud.datastore.emulator.impl.rules.DefaultEmulatorRulesAuthorizer.withVerboseErrors(DefaultEmulatorRulesAuthorizer.java:326)
	at com.google.cloud.datastore.emulator.impl.rules.DefaultEmulatorRulesAuthorizer.checkCommit(DefaultEmulatorRulesAuthorizer.java:113)
	at com.google.cloud.datastore.emulator.impl.firestore.FirestoreEmulatorHelper.commitHelper(FirestoreEmulatorHelper.java:407)
	at com.google.cloud.datastore.emulator.impl.firestore.FirestoreEmulatorHelper.internalCommit(FirestoreEmulatorHelper.java:348)
	at com.google.cloud.datastore.emulator.impl.firestore.CloudFirestoreV1.internalCommit(CloudFirestoreV1.java:1336)
	at com.google.cloud.datastore.emulator.impl.firestore.CloudFirestoreV1.write(CloudFirestoreV1.java:1321)
	at com.google.cloud.datastore.emulator.impl.firestore.CloudFirestoreV1WriteStream.handleRequest(CloudFirestoreV1WriteStream.java:222)
	at com.google.cloud.datastore.emulator.impl.firestore.CloudFirestoreV1WriteStream.write(CloudFirestoreV1WriteStream.java:144)
	at com.google.cloud.datastore.emulator.impl.firestore.CloudFirestoreV1WriteStream.onNext(CloudFirestoreV1WriteStream.java:99)
	at com.google.cloud.datastore.emulator.impl.firestore.CloudFirestoreV1WriteStream.onNext(CloudFirestoreV1WriteStream.java:27)
	at io.grpc.stub.ServerCalls$StreamingServerCallHandler$StreamingServerCallListener.onMessage(ServerCalls.java:262)
	at io.grpc.ForwardingServerCallListener.onMessage(ForwardingServerCallListener.java:33)
	at io.grpc.Contexts$ContextualizedServerCallListener.onMessage(Contexts.java:76)
	at io.grpc.ForwardingServerCallListener.onMessage(ForwardingServerCallListener.java:33)
	at io.grpc.Contexts$ContextualizedServerCallListener.onMessage(Contexts.java:76)
	at io.grpc.internal.ServerCallImpl$ServerStreamListenerImpl.messagesAvailableInternal(ServerCallImpl.java:334)
	at io.grpc.internal.ServerCallImpl$ServerStreamListenerImpl.messagesAvailable(ServerCallImpl.java:319)
	at io.grpc.internal.ServerImpl$JumpToApplicationThreadServerStreamListener$1MessagesAvailable.runInContext(ServerImpl.java:852)
	at io.grpc.internal.ContextRunnable.run(ContextRunnable.java:37)
	at io.grpc.internal.SerializingExecutor.run(SerializingExecutor.java:133)
	at java.base/java.util.concurrent.ThreadPoolExecutor.runWorker(Unknown Source)
	at java.base/java.util.concurrent.ThreadPoolExecutor$Worker.run(Unknown Source)
	at java.base/java.lang.Thread.run(Unknown Source)

Oct 03, 2026 7:50:34 PM com.google.cloud.datastore.emulator.impl.util.WrappedStreamObserver onError
WARNING: Operation failed: 
false for 'create' @ L300, false for 'create' @ L347, false for 'update' @ L300, false for 'update' @ L347
com.google.cloud.datastore.core.exception.DatastoreException: 
false for 'create' @ L300, false for 'create' @ L347, false for 'update' @ L300, false for 'update' @ L347
	at com.google.cloud.datastore.core.exception.DatastoreException$Builder.build(DatastoreException.java:152)
	at com.google.cloud.datastore.emulator.impl.rules.DefaultEmulatorRulesAuthorizer.verboseError(DefaultEmulatorRulesAuthorizer.java:349)
	at com.google.cloud.datastore.emulator.impl.rules.DefaultEmulatorRulesAuthorizer.withVerboseErrors(DefaultEmulatorRulesAuthorizer.java:326)
	at com.google.cloud.datastore.emulator.impl.rules.DefaultEmulatorRulesAuthorizer.checkCommit(DefaultEmulatorRulesAuthorizer.java:113)
	at com.google.cloud.datastore.emulator.impl.firestore.FirestoreEmulatorHelper.commitHelper(FirestoreEmulatorHelper.java:407)
	at com.google.cloud.datastore.emulator.impl.firestore.FirestoreEmulatorHelper.internalCommit(FirestoreEmulatorHelper.java:348)
	at com.google.cloud.datastore.emulator.impl.firestore.CloudFirestoreV1.internalCommit(CloudFirestoreV1.java:1336)
	at com.google.cloud.datastore.emulator.impl.firestore.CloudFirestoreV1.write(CloudFirestoreV1.java:1321)
	at com.google.cloud.datastore.emulator.impl.firestore.CloudFirestoreV1WriteStream.handleRequest(CloudFirestoreV1WriteStream.java:222)
	at com.google.cloud.datastore.emulator.impl.firestore.CloudFirestoreV1WriteStream.write(CloudFirestoreV1WriteStream.java:144)
	at com.google.cloud.datastore.emulator.impl.firestore.CloudFirestoreV1WriteStream.onNext(CloudFirestoreV1WriteStream.java:99)
	at com.google.cloud.datastore.emulator.impl.firestore.CloudFirestoreV1WriteStream.onNext(CloudFirestoreV1WriteStream.java:27)
	at io.grpc.stub.ServerCalls$StreamingServerCallHandler$StreamingServerCallListener.onMessage(ServerCalls.java:262)
	at io.grpc.ForwardingServerCallListener.onMessage(ForwardingServerCallListener.java:33)
	at io.grpc.Contexts$ContextualizedServerCallListener.onMessage(Contexts.java:76)
	at io.grpc.ForwardingServerCallListener.onMessage(ForwardingServerCallListener.java:33)
	at io.grpc.Contexts$ContextualizedServerCallListener.onMessage(Contexts.java:76)
	at io.grpc.internal.ServerCallImpl$ServerStreamListenerImpl.messagesAvailableInternal(ServerCallImpl.java:334)
	at io.grpc.internal.ServerCallImpl$ServerStreamListenerImpl.messagesAvailable(ServerCallImpl.java:319)
	at io.grpc.internal.ServerImpl$JumpToApplicationThreadServerStreamListener$1MessagesAvailable.runInContext(ServerImpl.java:852)
	at io.grpc.internal.ContextRunnable.run(ContextRunnable.java:37)
	at io.grpc.internal.SerializingExecutor.run(SerializingExecutor.java:133)
	at java.base/java.util.concurrent.ThreadPoolExecutor.runWorker(Unknown Source)
	at java.base/java.util.concurrent.ThreadPoolExecutor$Worker.run(Unknown Source)
	at java.base/java.lang.Thread.run(Unknown Source)

Oct 03, 2026 7:50:34 PM com.google.cloud.datastore.emulator.impl.util.WrappedStreamObserver onError
WARNING: Operation failed: 
false for 'create' @ L294, false for 'create' @ L347, false for 'update' @ L294, false for 'update' @ L347
com.google.cloud.datastore.core.exception.DatastoreException: 
false for 'create' @ L294, false for 'create' @ L347, false for 'update' @ L294, false for 'update' @ L347
	at com.google.cloud.datastore.core.exception.DatastoreException$Builder.build(DatastoreException.java:152)
	at com.google.cloud.datastore.emulator.impl.rules.DefaultEmulatorRulesAuthorizer.verboseError(DefaultEmulatorRulesAuthorizer.java:349)
	at com.google.cloud.datastore.emulator.impl.rules.DefaultEmulatorRulesAuthorizer.withVerboseErrors(DefaultEmulatorRulesAuthorizer.java:326)
	at com.google.cloud.datastore.emulator.impl.rules.DefaultEmulatorRulesAuthorizer.checkCommit(DefaultEmulatorRulesAuthorizer.java:113)
	at com.google.cloud.datastore.emulator.impl.firestore.FirestoreEmulatorHelper.commitHelper(FirestoreEmulatorHelper.java:407)
	at com.google.cloud.datastore.emulator.impl.firestore.FirestoreEmulatorHelper.internalCommit(FirestoreEmulatorHelper.java:348)
	at com.google.cloud.datastore.emulator.impl.firestore.CloudFirestoreV1.internalCommit(CloudFirestoreV1.java:1336)
	at com.google.cloud.datastore.emulator.impl.firestore.CloudFirestoreV1.write(CloudFirestoreV1.java:1321)
	at com.google.cloud.datastore.emulator.impl.firestore.CloudFirestoreV1WriteStream.handleRequest(CloudFirestoreV1WriteStream.java:222)
	at com.google.cloud.datastore.emulator.impl.firestore.CloudFirestoreV1WriteStream.write(CloudFirestoreV1WriteStream.java:144)
	at com.google.cloud.datastore.emulator.impl.firestore.CloudFirestoreV1WriteStream.onNext(CloudFirestoreV1WriteStream.java:99)
	at com.google.cloud.datastore.emulator.impl.firestore.CloudFirestoreV1WriteStream.onNext(CloudFirestoreV1WriteStream.java:27)
	at io.grpc.stub.ServerCalls$StreamingServerCallHandler$StreamingServerCallListener.onMessage(ServerCalls.java:262)
	at io.grpc.ForwardingServerCallListener.onMessage(ForwardingServerCallListener.java:33)
	at io.grpc.Contexts$ContextualizedServerCallListener.onMessage(Contexts.java:76)
	at io.grpc.ForwardingServerCallListener.onMessage(ForwardingServerCallListener.java:33)
	at io.grpc.Contexts$ContextualizedServerCallListener.onMessage(Contexts.java:76)
	at io.grpc.internal.ServerCallImpl$ServerStreamListenerImpl.messagesAvailableInternal(ServerCallImpl.java:334)
	at io.grpc.internal.ServerCallImpl$ServerStreamListenerImpl.messagesAvailable(ServerCallImpl.java:319)
	at io.grpc.internal.ServerImpl$JumpToApplicationThreadServerStreamListener$1MessagesAvailable.runInContext(ServerImpl.java:852)
	at io.grpc.internal.ContextRunnable.run(ContextRunnable.java:37)
	at io.grpc.internal.SerializingExecutor.run(SerializingExecutor.java:133)
	at java.base/java.util.concurrent.ThreadPoolExecutor.runWorker(Unknown Source)
	at java.base/java.util.concurrent.ThreadPoolExecutor$Worker.run(Unknown Source)
	at java.base/java.lang.Thread.run(Unknown Source)

Oct 03, 2026 7:50:34 PM com.google.cloud.datastore.emulator.impl.util.WrappedStreamObserver onError
WARNING: Operation failed: 
false for 'create' @ L295, false for 'create' @ L347, false for 'update' @ L295, false for 'update' @ L347
com.google.cloud.datastore.core.exception.DatastoreException: 
false for 'create' @ L295, false for 'create' @ L347, false for 'update' @ L295, false for 'update' @ L347
	at com.google.cloud.datastore.core.exception.DatastoreException$Builder.build(DatastoreException.java:152)
	at com.google.cloud.datastore.emulator.impl.rules.DefaultEmulatorRulesAuthorizer.verboseError(DefaultEmulatorRulesAuthorizer.java:349)
	at com.google.cloud.datastore.emulator.impl.rules.DefaultEmulatorRulesAuthorizer.withVerboseErrors(DefaultEmulatorRulesAuthorizer.java:326)
	at com.google.cloud.datastore.emulator.impl.rules.DefaultEmulatorRulesAuthorizer.checkCommit(DefaultEmulatorRulesAuthorizer.java:113)
	at com.google.cloud.datastore.emulator.impl.firestore.FirestoreEmulatorHelper.commitHelper(FirestoreEmulatorHelper.java:407)
	at com.google.cloud.datastore.emulator.impl.firestore.FirestoreEmulatorHelper.internalCommit(FirestoreEmulatorHelper.java:348)
	at com.google.cloud.datastore.emulator.impl.firestore.CloudFirestoreV1.internalCommit(CloudFirestoreV1.java:1336)
	at com.google.cloud.datastore.emulator.impl.firestore.CloudFirestoreV1.write(CloudFirestoreV1.java:1321)
	at com.google.cloud.datastore.emulator.impl.firestore.CloudFirestoreV1WriteStream.handleRequest(CloudFirestoreV1WriteStream.java:222)
	at com.google.cloud.datastore.emulator.impl.firestore.CloudFirestoreV1WriteStream.write(CloudFirestoreV1WriteStream.java:144)
	at com.google.cloud.datastore.emulator.impl.firestore.CloudFirestoreV1WriteStream.onNext(CloudFirestoreV1WriteStream.java:99)
	at com.google.cloud.datastore.emulator.impl.firestore.CloudFirestoreV1WriteStream.onNext(CloudFirestoreV1WriteStream.java:27)
	at io.grpc.stub.ServerCalls$StreamingServerCallHandler$StreamingServerCallListener.onMessage(ServerCalls.java:262)
	at io.grpc.ForwardingServerCallListener.onMessage(ForwardingServerCallListener.java:33)
	at io.grpc.Contexts$ContextualizedServerCallListener.onMessage(Contexts.java:76)
	at io.grpc.ForwardingServerCallListener.onMessage(ForwardingServerCallListener.java:33)
	at io.grpc.Contexts$ContextualizedServerCallListener.onMessage(Contexts.java:76)
	at io.grpc.internal.ServerCallImpl$ServerStreamListenerImpl.messagesAvailableInternal(ServerCallImpl.java:334)
	at io.grpc.internal.ServerCallImpl$ServerStreamListenerImpl.messagesAvailable(ServerCallImpl.java:319)
	at io.grpc.internal.ServerImpl$JumpToApplicationThreadServerStreamListener$1MessagesAvailable.runInContext(ServerImpl.java:852)
	at io.grpc.internal.ContextRunnable.run(ContextRunnable.java:37)
	at io.grpc.internal.SerializingExecutor.run(SerializingExecutor.java:133)
	at java.base/java.util.concurrent.ThreadPoolExecutor.runWorker(Unknown Source)
	at java.base/java.util.concurrent.ThreadPoolExecutor$Worker.run(Unknown Source)
	at java.base/java.lang.Thread.run(Unknown Source)

Oct 03, 2026 7:50:34 PM com.google.cloud.datastore.emulator.impl.util.WrappedStreamObserver onError
WARNING: Operation failed: 
false for 'create' @ L297, false for 'create' @ L347, false for 'update' @ L297, false for 'update' @ L347
com.google.cloud.datastore.core.exception.DatastoreException: 
false for 'create' @ L297, false for 'create' @ L347, false for 'update' @ L297, false for 'update' @ L347
	at com.google.cloud.datastore.core.exception.DatastoreException$Builder.build(DatastoreException.java:152)
	at com.google.cloud.datastore.emulator.impl.rules.DefaultEmulatorRulesAuthorizer.verboseError(DefaultEmulatorRulesAuthorizer.java:349)
	at com.google.cloud.datastore.emulator.impl.rules.DefaultEmulatorRulesAuthorizer.withVerboseErrors(DefaultEmulatorRulesAuthorizer.java:326)
	at com.google.cloud.datastore.emulator.impl.rules.DefaultEmulatorRulesAuthorizer.checkCommit(DefaultEmulatorRulesAuthorizer.java:113)
	at com.google.cloud.datastore.emulator.impl.firestore.FirestoreEmulatorHelper.commitHelper(FirestoreEmulatorHelper.java:407)
	at com.google.cloud.datastore.emulator.impl.firestore.FirestoreEmulatorHelper.internalCommit(FirestoreEmulatorHelper.java:348)
	at com.google.cloud.datastore.emulator.impl.firestore.CloudFirestoreV1.internalCommit(CloudFirestoreV1.java:1336)
	at com.google.cloud.datastore.emulator.impl.firestore.CloudFirestoreV1.write(CloudFirestoreV1.java:1321)
	at com.google.cloud.datastore.emulator.impl.firestore.CloudFirestoreV1WriteStream.handleRequest(CloudFirestoreV1WriteStream.java:222)
	at com.google.cloud.datastore.emulator.impl.firestore.CloudFirestoreV1WriteStream.write(CloudFirestoreV1WriteStream.java:144)
	at com.google.cloud.datastore.emulator.impl.firestore.CloudFirestoreV1WriteStream.onNext(CloudFirestoreV1WriteStream.java:99)
	at com.google.cloud.datastore.emulator.impl.firestore.CloudFirestoreV1WriteStream.onNext(CloudFirestoreV1WriteStream.java:27)
	at io.grpc.stub.ServerCalls$StreamingServerCallHandler$StreamingServerCallListener.onMessage(ServerCalls.java:262)
	at io.grpc.ForwardingServerCallListener.onMessage(ForwardingServerCallListener.java:33)
	at io.grpc.Contexts$ContextualizedServerCallListener.onMessage(Contexts.java:76)
	at io.grpc.ForwardingServerCallListener.onMessage(ForwardingServerCallListener.java:33)
	at io.grpc.Contexts$ContextualizedServerCallListener.onMessage(Contexts.java:76)
	at io.grpc.internal.ServerCallImpl$ServerStreamListenerImpl.messagesAvailableInternal(ServerCallImpl.java:334)
	at io.grpc.internal.ServerCallImpl$ServerStreamListenerImpl.messagesAvailable(ServerCallImpl.java:319)
	at io.grpc.internal.ServerImpl$JumpToApplicationThreadServerStreamListener$1MessagesAvailable.runInContext(ServerImpl.java:852)
	at io.grpc.internal.ContextRunnable.run(ContextRunnable.java:37)
	at io.grpc.internal.SerializingExecutor.run(SerializingExecutor.java:133)
	at java.base/java.util.concurrent.ThreadPoolExecutor.runWorker(Unknown Source)
	at java.base/java.util.concurrent.ThreadPoolExecutor$Worker.run(Unknown Source)
	at java.base/java.lang.Thread.run(Unknown Source)

Oct 03, 2026 7:50:34 PM com.google.cloud.datastore.emulator.impl.util.WrappedStreamObserver onError
WARNING: Operation failed: 
false for 'create' @ L298, false for 'create' @ L347, false for 'update' @ L298, false for 'update' @ L347
com.google.cloud.datastore.core.exception.DatastoreException: 
false for 'create' @ L298, false for 'create' @ L347, false for 'update' @ L298, false for 'update' @ L347
	at com.google.cloud.datastore.core.exception.DatastoreException$Builder.build(DatastoreException.java:152)
	at com.google.cloud.datastore.emulator.impl.rules.DefaultEmulatorRulesAuthorizer.verboseError(DefaultEmulatorRulesAuthorizer.java:349)
	at com.google.cloud.datastore.emulator.impl.rules.DefaultEmulatorRulesAuthorizer.withVerboseErrors(DefaultEmulatorRulesAuthorizer.java:326)
	at com.google.cloud.datastore.emulator.impl.rules.DefaultEmulatorRulesAuthorizer.checkCommit(DefaultEmulatorRulesAuthorizer.java:113)
	at com.google.cloud.datastore.emulator.impl.firestore.FirestoreEmulatorHelper.commitHelper(FirestoreEmulatorHelper.java:407)
	at com.google.cloud.datastore.emulator.impl.firestore.FirestoreEmulatorHelper.internalCommit(FirestoreEmulatorHelper.java:348)
	at com.google.cloud.datastore.emulator.impl.firestore.CloudFirestoreV1.internalCommit(CloudFirestoreV1.java:1336)
	at com.google.cloud.datastore.emulator.impl.firestore.CloudFirestoreV1.write(CloudFirestoreV1.java:1321)
	at com.google.cloud.datastore.emulator.impl.firestore.CloudFirestoreV1WriteStream.handleRequest(CloudFirestoreV1WriteStream.java:222)
	at com.google.cloud.datastore.emulator.impl.firestore.CloudFirestoreV1WriteStream.write(CloudFirestoreV1WriteStream.java:144)
	at com.google.cloud.datastore.emulator.impl.firestore.CloudFirestoreV1WriteStream.onNext(CloudFirestoreV1WriteStream.java:99)
	at com.google.cloud.datastore.emulator.impl.firestore.CloudFirestoreV1WriteStream.onNext(CloudFirestoreV1WriteStream.java:27)
	at io.grpc.stub.ServerCalls$StreamingServerCallHandler$StreamingServerCallListener.onMessage(ServerCalls.java:262)
	at io.grpc.ForwardingServerCallListener.onMessage(ForwardingServerCallListener.java:33)
	at io.grpc.Contexts$ContextualizedServerCallListener.onMessage(Contexts.java:76)
	at io.grpc.ForwardingServerCallListener.onMessage(ForwardingServerCallListener.java:33)
	at io.grpc.Contexts$ContextualizedServerCallListener.onMessage(Contexts.java:76)
	at io.grpc.internal.ServerCallImpl$ServerStreamListenerImpl.messagesAvailableInternal(ServerCallImpl.java:334)
	at io.grpc.internal.ServerCallImpl$ServerStreamListenerImpl.messagesAvailable(ServerCallImpl.java:319)
	at io.grpc.internal.ServerImpl$JumpToApplicationThreadServerStreamListener$1MessagesAvailable.runInContext(ServerImpl.java:852)
	at io.grpc.internal.ContextRunnable.run(ContextRunnable.java:37)
	at io.grpc.internal.SerializingExecutor.run(SerializingExecutor.java:133)
	at java.base/java.util.concurrent.ThreadPoolExecutor.runWorker(Unknown Source)
	at java.base/java.util.concurrent.ThreadPoolExecutor$Worker.run(Unknown Source)
	at java.base/java.lang.Thread.run(Unknown Source)

Oct 03, 2026 7:50:34 PM com.google.cloud.datastore.emulator.impl.util.WrappedStreamObserver onError
WARNING: Operation failed: 
evaluation error at L87:32 for 'create' @ L87, false for 'create' @ L347, evaluation error at L87:32 for 'update' @ L87, false for 'update' @ L347, Null value error. for 'create' @ L87, false for 'create' @ L347
com.google.cloud.datastore.core.exception.DatastoreException: 
evaluation error at L87:32 for 'create' @ L87, false for 'create' @ L347, evaluation error at L87:32 for 'update' @ L87, false for 'update' @ L347, Null value error. for 'create' @ L87, false for 'create' @ L347
	at com.google.cloud.datastore.core.exception.DatastoreException$Builder.build(DatastoreException.java:152)
	at com.google.cloud.datastore.emulator.impl.rules.DefaultEmulatorRulesAuthorizer.verboseError(DefaultEmulatorRulesAuthorizer.java:349)
	at com.google.cloud.datastore.emulator.impl.rules.DefaultEmulatorRulesAuthorizer.withVerboseErrors(DefaultEmulatorRulesAuthorizer.java:326)
	at com.google.cloud.datastore.emulator.impl.rules.DefaultEmulatorRulesAuthorizer.checkCommit(DefaultEmulatorRulesAuthorizer.java:113)
	at com.google.cloud.datastore.emulator.impl.firestore.FirestoreEmulatorHelper.commitHelper(FirestoreEmulatorHelper.java:407)
	at com.google.cloud.datastore.emulator.impl.firestore.FirestoreEmulatorHelper.internalCommit(FirestoreEmulatorHelper.java:348)
	at com.google.cloud.datastore.emulator.impl.firestore.CloudFirestoreV1.internalCommit(CloudFirestoreV1.java:1336)
	at com.google.cloud.datastore.emulator.impl.firestore.CloudFirestoreV1.write(CloudFirestoreV1.java:1321)
	at com.google.cloud.datastore.emulator.impl.firestore.CloudFirestoreV1WriteStream.handleRequest(CloudFirestoreV1WriteStream.java:222)
	at com.google.cloud.datastore.emulator.impl.firestore.CloudFirestoreV1WriteStream.write(CloudFirestoreV1WriteStream.java:144)
	at com.google.cloud.datastore.emulator.impl.firestore.CloudFirestoreV1WriteStream.onNext(CloudFirestoreV1WriteStream.java:99)
	at com.google.cloud.datastore.emulator.impl.firestore.CloudFirestoreV1WriteStream.onNext(CloudFirestoreV1WriteStream.java:27)
	at io.grpc.stub.ServerCalls$StreamingServerCallHandler$StreamingServerCallListener.onMessage(ServerCalls.java:262)
	at io.grpc.ForwardingServerCallListener.onMessage(ForwardingServerCallListener.java:33)
	at io.grpc.Contexts$ContextualizedServerCallListener.onMessage(Contexts.java:76)
	at io.grpc.ForwardingServerCallListener.onMessage(ForwardingServerCallListener.java:33)
	at io.grpc.Contexts$ContextualizedServerCallListener.onMessage(Contexts.java:76)
	at io.grpc.internal.ServerCallImpl$ServerStreamListenerImpl.messagesAvailableInternal(ServerCallImpl.java:334)
	at io.grpc.internal.ServerCallImpl$ServerStreamListenerImpl.messagesAvailable(ServerCallImpl.java:319)
	at io.grpc.internal.ServerImpl$JumpToApplicationThreadServerStreamListener$1MessagesAvailable.runInContext(ServerImpl.java:852)
	at io.grpc.internal.ContextRunnable.run(ContextRunnable.java:37)
	at io.grpc.internal.SerializingExecutor.run(SerializingExecutor.java:133)
	at java.base/java.util.concurrent.ThreadPoolExecutor.runWorker(Unknown Source)
	at java.base/java.util.concurrent.ThreadPoolExecutor$Worker.run(Unknown Source)
	at java.base/java.lang.Thread.run(Unknown Source)
Caused by: com.google.firebase.rules.runtime.common.EvaluationException: Error:  line [4], column [32]. Null value error.
	at com.google.firebase.rules.runtime.impl.DefaultEvaluator$TransformEvaluationException.apply(DefaultEvaluator.java:275)
	at com.google.firebase.rules.runtime.impl.DefaultEvaluator$TransformEvaluationException.apply(DefaultEvaluator.java:261)
	at com.google.common.util.concurrent.AbstractCatchingFuture$AsyncCatchingFuture.doFallback(AbstractCatchingFuture.java:207)
	at com.google.common.util.concurrent.AbstractCatchingFuture$AsyncCatchingFuture.doFallback(AbstractCatchingFuture.java:194)
	at com.google.common.util.concurrent.AbstractCatchingFuture.run(AbstractCatchingFuture.java:136)
	at com.google.common.util.concurrent.DirectExecutor.execute(DirectExecutor.java:30)
	at com.google.common.util.concurrent.AbstractFuture.executeListener(AbstractFuture.java:1045)
	at com.google.common.util.concurrent.AbstractFuture.addListener(AbstractFuture.java:492)
	at com.google.common.util.concurrent.FluentFuture$TrustedFuture.addListener(FluentFuture.java:122)
	at com.google.common.util.concurrent.AbstractCatchingFuture.createAsync(AbstractCatchingFuture.java:58)
	at com.google.common.util.concurrent.Futures.catchingAsync(Futures.java:411)
	at com.google.firebase.rules.runtime.impl.DefaultEvaluator.evaluate(DefaultEvaluator.java:177)
	at com.google.cloud.datastore.emulator.impl.rules.EmulatorRuleClient$EmulatorRuleEvaluator.evaluate(EmulatorRuleClient.java:88)
	at com.google.cloud.datastore.core.auth.rules.AsyncTwoPhaseRulesAuthorizer.lambda$fullEvaluate$0(AsyncTwoPhaseRulesAuthorizer.java:993)
	at com.google.cloud.datastore.computation.Computation.tryCatch(Computation.java:472)
	at com.google.cloud.datastore.core.auth.rules.AsyncTwoPhaseRulesAuthorizer.fullEvaluate(AsyncTwoPhaseRulesAuthorizer.java:992)
	at com.google.cloud.datastore.core.auth.rules.AsyncTwoPhaseRulesAuthorizer$WriteAuthorizerImpl.lambda$checkWrite$0(AsyncTwoPhaseRulesAuthorizer.java:1227)
	at com.google.cloud.datastore.computation.Computation.lambda$tryClose$1(Computation.java:741)
	at com.google.cloud.datastore.computation.Computation.tryCatch(Computation.java:472)
	at com.google.cloud.datastore.computation.Computation.tryFinally(Computation.java:708)
	at com.google.cloud.datastore.computation.Computation.tryFinally(Computation.java:714)
	at com.google.cloud.datastore.computation.Computation.tryClose(Computation.java:741)
	at com.google.cloud.datastore.core.auth.rules.AsyncTwoPhaseRulesAuthorizer$WriteAuthorizerImpl.checkWrite(AsyncTwoPhaseRulesAuthorizer.java:1199)
	at com.google.cloud.datastore.emulator.impl.rules.DefaultEmulatorRulesAuthorizer.lambda$checkCommit$2(DefaultEmulatorRulesAuthorizer.java:124)
	at com.google.cloud.datastore.computation.Computation.run(Computation.java:82)
	at com.google.cloud.datastore.computation.Computation$Terminated.toFuture(Computation.java:950)
	at com.google.cloud.datastore.computation.Computation.toFuture(Computation.java:93)
	at com.google.cloud.datastore.emulator.impl.rules.DefaultEmulatorRulesAuthorizer.finish(DefaultEmulatorRulesAuthorizer.java:308)
	at com.google.cloud.datastore.emulator.impl.rules.DefaultEmulatorRulesAuthorizer.lambda$checkCommit$0(DefaultEmulatorRulesAuthorizer.java:122)
	at com.google.cloud.datastore.emulator.impl.rules.DefaultEmulatorRulesAuthorizer.withVerboseErrors(DefaultEmulatorRulesAuthorizer.java:321)
	... 22 more

Oct 03, 2026 7:50:34 PM com.google.cloud.datastore.emulator.impl.util.WrappedStreamObserver onError
WARNING: Operation failed: 
evaluation error at L87:32 for 'update' @ L87, false for 'update' @ L347, false for 'update' @ L87, false for 'update' @ L347
com.google.cloud.datastore.core.exception.DatastoreException: 
evaluation error at L87:32 for 'update' @ L87, false for 'update' @ L347, false for 'update' @ L87, false for 'update' @ L347
	at com.google.cloud.datastore.core.exception.DatastoreException$Builder.build(DatastoreException.java:152)
	at com.google.cloud.datastore.emulator.impl.rules.DefaultEmulatorRulesAuthorizer.verboseError(DefaultEmulatorRulesAuthorizer.java:349)
	at com.google.cloud.datastore.emulator.impl.rules.DefaultEmulatorRulesAuthorizer.withVerboseErrors(DefaultEmulatorRulesAuthorizer.java:326)
	at com.google.cloud.datastore.emulator.impl.rules.DefaultEmulatorRulesAuthorizer.checkCommit(DefaultEmulatorRulesAuthorizer.java:113)
	at com.google.cloud.datastore.emulator.impl.firestore.FirestoreEmulatorHelper.commitHelper(FirestoreEmulatorHelper.java:407)
	at com.google.cloud.datastore.emulator.impl.firestore.FirestoreEmulatorHelper.internalCommit(FirestoreEmulatorHelper.java:348)
	at com.google.cloud.datastore.emulator.impl.firestore.CloudFirestoreV1.internalCommit(CloudFirestoreV1.java:1336)
	at com.google.cloud.datastore.emulator.impl.firestore.CloudFirestoreV1.write(CloudFirestoreV1.java:1321)
	at com.google.cloud.datastore.emulator.impl.firestore.CloudFirestoreV1WriteStream.handleRequest(CloudFirestoreV1WriteStream.java:222)
	at com.google.cloud.datastore.emulator.impl.firestore.CloudFirestoreV1WriteStream.write(CloudFirestoreV1WriteStream.java:144)
	at com.google.cloud.datastore.emulator.impl.firestore.CloudFirestoreV1WriteStream.onNext(CloudFirestoreV1WriteStream.java:99)
	at com.google.cloud.datastore.emulator.impl.firestore.CloudFirestoreV1WriteStream.onNext(CloudFirestoreV1WriteStream.java:27)
	at io.grpc.stub.ServerCalls$StreamingServerCallHandler$StreamingServerCallListener.onMessage(ServerCalls.java:262)
	at io.grpc.ForwardingServerCallListener.onMessage(ForwardingServerCallListener.java:33)
	at io.grpc.Contexts$ContextualizedServerCallListener.onMessage(Contexts.java:76)
	at io.grpc.ForwardingServerCallListener.onMessage(ForwardingServerCallListener.java:33)
	at io.grpc.Contexts$ContextualizedServerCallListener.onMessage(Contexts.java:76)
	at io.grpc.internal.ServerCallImpl$ServerStreamListenerImpl.messagesAvailableInternal(ServerCallImpl.java:334)
	at io.grpc.internal.ServerCallImpl$ServerStreamListenerImpl.messagesAvailable(ServerCallImpl.java:319)
	at io.grpc.internal.ServerImpl$JumpToApplicationThreadServerStreamListener$1MessagesAvailable.runInContext(ServerImpl.java:852)
	at io.grpc.internal.ContextRunnable.run(ContextRunnable.java:37)
	at io.grpc.internal.SerializingExecutor.run(SerializingExecutor.java:133)
	at java.base/java.util.concurrent.ThreadPoolExecutor.runWorker(Unknown Source)
	at java.base/java.util.concurrent.ThreadPoolExecutor$Worker.run(Unknown Source)
	at java.base/java.lang.Thread.run(Unknown Source)

Oct 03, 2026 7:50:34 PM com.google.cloud.datastore.emulator.impl.util.WrappedStreamObserver onError
WARNING: Operation failed: 
evaluation error at L97:9 for 'update' @ L97, false for 'update' @ L347, false for 'update' @ L97, false for 'update' @ L347
com.google.cloud.datastore.core.exception.DatastoreException: 
evaluation error at L97:9 for 'update' @ L97, false for 'update' @ L347, false for 'update' @ L97, false for 'update' @ L347
	at com.google.cloud.datastore.core.exception.DatastoreException$Builder.build(DatastoreException.java:152)
	at com.google.cloud.datastore.emulator.impl.rules.DefaultEmulatorRulesAuthorizer.verboseError(DefaultEmulatorRulesAuthorizer.java:349)
	at com.google.cloud.datastore.emulator.impl.rules.DefaultEmulatorRulesAuthorizer.withVerboseErrors(DefaultEmulatorRulesAuthorizer.java:326)
	at com.google.cloud.datastore.emulator.impl.rules.DefaultEmulatorRulesAuthorizer.checkCommit(DefaultEmulatorRulesAuthorizer.java:113)
	at com.google.cloud.datastore.emulator.impl.firestore.FirestoreEmulatorHelper.commitHelper(FirestoreEmulatorHelper.java:407)
	at com.google.cloud.datastore.emulator.impl.firestore.FirestoreEmulatorHelper.internalCommit(FirestoreEmulatorHelper.java:348)
	at com.google.cloud.datastore.emulator.impl.firestore.CloudFirestoreV1.internalCommit(CloudFirestoreV1.java:1336)
	at com.google.cloud.datastore.emulator.impl.firestore.CloudFirestoreV1.write(CloudFirestoreV1.java:1321)
	at com.google.cloud.datastore.emulator.impl.firestore.CloudFirestoreV1WriteStream.handleRequest(CloudFirestoreV1WriteStream.java:222)
	at com.google.cloud.datastore.emulator.impl.firestore.CloudFirestoreV1WriteStream.write(CloudFirestoreV1WriteStream.java:144)
	at com.google.cloud.datastore.emulator.impl.firestore.CloudFirestoreV1WriteStream.onNext(CloudFirestoreV1WriteStream.java:99)
	at com.google.cloud.datastore.emulator.impl.firestore.CloudFirestoreV1WriteStream.onNext(CloudFirestoreV1WriteStream.java:27)
	at io.grpc.stub.ServerCalls$StreamingServerCallHandler$StreamingServerCallListener.onMessage(ServerCalls.java:262)
	at io.grpc.ForwardingServerCallListener.onMessage(ForwardingServerCallListener.java:33)
	at io.grpc.Contexts$ContextualizedServerCallListener.onMessage(Contexts.java:76)
	at io.grpc.ForwardingServerCallListener.onMessage(ForwardingServerCallListener.java:33)
	at io.grpc.Contexts$ContextualizedServerCallListener.onMessage(Contexts.java:76)
	at io.grpc.internal.ServerCallImpl$ServerStreamListenerImpl.messagesAvailableInternal(ServerCallImpl.java:334)
	at io.grpc.internal.ServerCallImpl$ServerStreamListenerImpl.messagesAvailable(ServerCallImpl.java:319)
	at io.grpc.internal.ServerImpl$JumpToApplicationThreadServerStreamListener$1MessagesAvailable.runInContext(ServerImpl.java:852)
	at io.grpc.internal.ContextRunnable.run(ContextRunnable.java:37)
	at io.grpc.internal.SerializingExecutor.run(SerializingExecutor.java:133)
	at java.base/java.util.concurrent.ThreadPoolExecutor.runWorker(Unknown Source)
	at java.base/java.util.concurrent.ThreadPoolExecutor$Worker.run(Unknown Source)
	at java.base/java.lang.Thread.run(Unknown Source)

Oct 03, 2026 7:50:34 PM com.google.cloud.datastore.emulator.impl.util.WrappedStreamObserver onError
WARNING: Operation failed: 
evaluation error at L200:24 for 'update' @ L200, false for 'update' @ L347, false for 'update' @ L200, false for 'update' @ L347
com.google.cloud.datastore.core.exception.DatastoreException: 
evaluation error at L200:24 for 'update' @ L200, false for 'update' @ L347, false for 'update' @ L200, false for 'update' @ L347
	at com.google.cloud.datastore.core.exception.DatastoreException$Builder.build(DatastoreException.java:152)
	at com.google.cloud.datastore.emulator.impl.rules.DefaultEmulatorRulesAuthorizer.verboseError(DefaultEmulatorRulesAuthorizer.java:349)
	at com.google.cloud.datastore.emulator.impl.rules.DefaultEmulatorRulesAuthorizer.withVerboseErrors(DefaultEmulatorRulesAuthorizer.java:326)
	at com.google.cloud.datastore.emulator.impl.rules.DefaultEmulatorRulesAuthorizer.checkCommit(DefaultEmulatorRulesAuthorizer.java:113)
	at com.google.cloud.datastore.emulator.impl.firestore.FirestoreEmulatorHelper.commitHelper(FirestoreEmulatorHelper.java:407)
	at com.google.cloud.datastore.emulator.impl.firestore.FirestoreEmulatorHelper.internalCommit(FirestoreEmulatorHelper.java:348)
	at com.google.cloud.datastore.emulator.impl.firestore.CloudFirestoreV1.internalCommit(CloudFirestoreV1.java:1336)
	at com.google.cloud.datastore.emulator.impl.firestore.CloudFirestoreV1.write(CloudFirestoreV1.java:1321)
	at com.google.cloud.datastore.emulator.impl.firestore.CloudFirestoreV1WriteStream.handleRequest(CloudFirestoreV1WriteStream.java:222)
	at com.google.cloud.datastore.emulator.impl.firestore.CloudFirestoreV1WriteStream.write(CloudFirestoreV1WriteStream.java:144)
	at com.google.cloud.datastore.emulator.impl.firestore.CloudFirestoreV1WriteStream.onNext(CloudFirestoreV1WriteStream.java:99)
	at com.google.cloud.datastore.emulator.impl.firestore.CloudFirestoreV1WriteStream.onNext(CloudFirestoreV1WriteStream.java:27)
	at io.grpc.stub.ServerCalls$StreamingServerCallHandler$StreamingServerCallListener.onMessage(ServerCalls.java:262)
	at io.grpc.ForwardingServerCallListener.onMessage(ForwardingServerCallListener.java:33)
	at io.grpc.Contexts$ContextualizedServerCallListener.onMessage(Contexts.java:76)
	at io.grpc.ForwardingServerCallListener.onMessage(ForwardingServerCallListener.java:33)
	at io.grpc.Contexts$ContextualizedServerCallListener.onMessage(Contexts.java:76)
	at io.grpc.internal.ServerCallImpl$ServerStreamListenerImpl.messagesAvailableInternal(ServerCallImpl.java:334)
	at io.grpc.internal.ServerCallImpl$ServerStreamListenerImpl.messagesAvailable(ServerCallImpl.java:319)
	at io.grpc.internal.ServerImpl$JumpToApplicationThreadServerStreamListener$1MessagesAvailable.runInContext(ServerImpl.java:852)
	at io.grpc.internal.ContextRunnable.run(ContextRunnable.java:37)
	at io.grpc.internal.SerializingExecutor.run(SerializingExecutor.java:133)
	at java.base/java.util.concurrent.ThreadPoolExecutor.runWorker(Unknown Source)
	at java.base/java.util.concurrent.ThreadPoolExecutor$Worker.run(Unknown Source)
	at java.base/java.lang.Thread.run(Unknown Source)

Oct 03, 2026 7:50:34 PM com.google.cloud.datastore.emulator.impl.util.WrappedStreamObserver onError
WARNING: Operation failed: 
evaluation error at L200:24 for 'update' @ L200, false for 'update' @ L347, false for 'update' @ L200, false for 'update' @ L347
com.google.cloud.datastore.core.exception.DatastoreException: 
evaluation error at L200:24 for 'update' @ L200, false for 'update' @ L347, false for 'update' @ L200, false for 'update' @ L347
	at com.google.cloud.datastore.core.exception.DatastoreException$Builder.build(DatastoreException.java:152)
	at com.google.cloud.datastore.emulator.impl.rules.DefaultEmulatorRulesAuthorizer.verboseError(DefaultEmulatorRulesAuthorizer.java:349)
	at com.google.cloud.datastore.emulator.impl.rules.DefaultEmulatorRulesAuthorizer.withVerboseErrors(DefaultEmulatorRulesAuthorizer.java:326)
	at com.google.cloud.datastore.emulator.impl.rules.DefaultEmulatorRulesAuthorizer.checkCommit(DefaultEmulatorRulesAuthorizer.java:113)
	at com.google.cloud.datastore.emulator.impl.firestore.FirestoreEmulatorHelper.commitHelper(FirestoreEmulatorHelper.java:407)
	at com.google.cloud.datastore.emulator.impl.firestore.FirestoreEmulatorHelper.internalCommit(FirestoreEmulatorHelper.java:348)
	at com.google.cloud.datastore.emulator.impl.firestore.CloudFirestoreV1.internalCommit(CloudFirestoreV1.java:1336)
	at com.google.cloud.datastore.emulator.impl.firestore.CloudFirestoreV1.write(CloudFirestoreV1.java:1321)
	at com.google.cloud.datastore.emulator.impl.firestore.CloudFirestoreV1WriteStream.handleRequest(CloudFirestoreV1WriteStream.java:222)
	at com.google.cloud.datastore.emulator.impl.firestore.CloudFirestoreV1WriteStream.write(CloudFirestoreV1WriteStream.java:144)
	at com.google.cloud.datastore.emulator.impl.firestore.CloudFirestoreV1WriteStream.onNext(CloudFirestoreV1WriteStream.java:99)
	at com.google.cloud.datastore.emulator.impl.firestore.CloudFirestoreV1WriteStream.onNext(CloudFirestoreV1WriteStream.java:27)
	at io.grpc.stub.ServerCalls$StreamingServerCallHandler$StreamingServerCallListener.onMessage(ServerCalls.java:262)
	at io.grpc.ForwardingServerCallListener.onMessage(ForwardingServerCallListener.java:33)
	at io.grpc.Contexts$ContextualizedServerCallListener.onMessage(Contexts.java:76)
	at io.grpc.ForwardingServerCallListener.onMessage(ForwardingServerCallListener.java:33)
	at io.grpc.Contexts$ContextualizedServerCallListener.onMessage(Contexts.java:76)
	at io.grpc.internal.ServerCallImpl$ServerStreamListenerImpl.messagesAvailableInternal(ServerCallImpl.java:334)
	at io.grpc.internal.ServerCallImpl$ServerStreamListenerImpl.messagesAvailable(ServerCallImpl.java:319)
	at io.grpc.internal.ServerImpl$JumpToApplicationThreadServerStreamListener$1MessagesAvailable.runInContext(ServerImpl.java:852)
	at io.grpc.internal.ContextRunnable.run(ContextRunnable.java:37)
	at io.grpc.internal.SerializingExecutor.run(SerializingExecutor.java:133)
	at java.base/java.util.concurrent.ThreadPoolExecutor.runWorker(Unknown Source)
	at java.base/java.util.concurrent.ThreadPoolExecutor$Worker.run(Unknown Source)
	at java.base/java.lang.Thread.run(Unknown Source)

Oct 03, 2026 7:50:34 PM com.google.cloud.datastore.emulator.impl.util.WrappedStreamObserver onError
WARNING: Operation failed: 
evaluation error at L329:34 for 'update' @ L329, false for 'update' @ L347, false for 'update' @ L329, false for 'update' @ L347
com.google.cloud.datastore.core.exception.DatastoreException: 
evaluation error at L329:34 for 'update' @ L329, false for 'update' @ L347, false for 'update' @ L329, false for 'update' @ L347
	at com.google.cloud.datastore.core.exception.DatastoreException$Builder.build(DatastoreException.java:152)
	at com.google.cloud.datastore.emulator.impl.rules.DefaultEmulatorRulesAuthorizer.verboseError(DefaultEmulatorRulesAuthorizer.java:349)
	at com.google.cloud.datastore.emulator.impl.rules.DefaultEmulatorRulesAuthorizer.withVerboseErrors(DefaultEmulatorRulesAuthorizer.java:326)
	at com.google.cloud.datastore.emulator.impl.rules.DefaultEmulatorRulesAuthorizer.checkCommit(DefaultEmulatorRulesAuthorizer.java:113)
	at com.google.cloud.datastore.emulator.impl.firestore.FirestoreEmulatorHelper.commitHelper(FirestoreEmulatorHelper.java:407)
	at com.google.cloud.datastore.emulator.impl.firestore.FirestoreEmulatorHelper.internalCommit(FirestoreEmulatorHelper.java:348)
	at com.google.cloud.datastore.emulator.impl.firestore.CloudFirestoreV1.internalCommit(CloudFirestoreV1.java:1336)
	at com.google.cloud.datastore.emulator.impl.firestore.CloudFirestoreV1.write(CloudFirestoreV1.java:1321)
	at com.google.cloud.datastore.emulator.impl.firestore.CloudFirestoreV1WriteStream.handleRequest(CloudFirestoreV1WriteStream.java:222)
	at com.google.cloud.datastore.emulator.impl.firestore.CloudFirestoreV1WriteStream.write(CloudFirestoreV1WriteStream.java:144)
	at com.google.cloud.datastore.emulator.impl.firestore.CloudFirestoreV1WriteStream.onNext(CloudFirestoreV1WriteStream.java:99)
	at com.google.cloud.datastore.emulator.impl.firestore.CloudFirestoreV1WriteStream.onNext(CloudFirestoreV1WriteStream.java:27)
	at io.grpc.stub.ServerCalls$StreamingServerCallHandler$StreamingServerCallListener.onMessage(ServerCalls.java:262)
	at io.grpc.ForwardingServerCallListener.onMessage(ForwardingServerCallListener.java:33)
	at io.grpc.Contexts$ContextualizedServerCallListener.onMessage(Contexts.java:76)
	at io.grpc.ForwardingServerCallListener.onMessage(ForwardingServerCallListener.java:33)
	at io.grpc.Contexts$ContextualizedServerCallListener.onMessage(Contexts.java:76)
	at io.grpc.internal.ServerCallImpl$ServerStreamListenerImpl.messagesAvailableInternal(ServerCallImpl.java:334)
	at io.grpc.internal.ServerCallImpl$ServerStreamListenerImpl.messagesAvailable(ServerCallImpl.java:319)
	at io.grpc.internal.ServerImpl$JumpToApplicationThreadServerStreamListener$1MessagesAvailable.runInContext(ServerImpl.java:852)
	at io.grpc.internal.ContextRunnable.run(ContextRunnable.java:37)
	at io.grpc.internal.SerializingExecutor.run(SerializingExecutor.java:133)
	at java.base/java.util.concurrent.ThreadPoolExecutor.runWorker(Unknown Source)
	at java.base/java.util.concurrent.ThreadPoolExecutor$Worker.run(Unknown Source)
	at java.base/java.lang.Thread.run(Unknown Source)

Oct 03, 2026 7:50:34 PM com.google.cloud.datastore.emulator.impl.util.WrappedStreamObserver onError
WARNING: Operation failed: 
false for 'update' @ L343, false for 'update' @ L347
com.google.cloud.datastore.core.exception.DatastoreException: 
false for 'update' @ L343, false for 'update' @ L347
	at com.google.cloud.datastore.core.exception.DatastoreException$Builder.build(DatastoreException.java:152)
	at com.google.cloud.datastore.emulator.impl.rules.DefaultEmulatorRulesAuthorizer.verboseError(DefaultEmulatorRulesAuthorizer.java:349)
	at com.google.cloud.datastore.emulator.impl.rules.DefaultEmulatorRulesAuthorizer.withVerboseErrors(DefaultEmulatorRulesAuthorizer.java:326)
	at com.google.cloud.datastore.emulator.impl.rules.DefaultEmulatorRulesAuthorizer.checkCommit(DefaultEmulatorRulesAuthorizer.java:113)
	at com.google.cloud.datastore.emulator.impl.firestore.FirestoreEmulatorHelper.commitHelper(FirestoreEmulatorHelper.java:407)
	at com.google.cloud.datastore.emulator.impl.firestore.FirestoreEmulatorHelper.internalCommit(FirestoreEmulatorHelper.java:348)
	at com.google.cloud.datastore.emulator.impl.firestore.CloudFirestoreV1.internalCommit(CloudFirestoreV1.java:1336)
	at com.google.cloud.datastore.emulator.impl.firestore.CloudFirestoreV1.write(CloudFirestoreV1.java:1321)
	at com.google.cloud.datastore.emulator.impl.firestore.CloudFirestoreV1WriteStream.handleRequest(CloudFirestoreV1WriteStream.java:222)
	at com.google.cloud.datastore.emulator.impl.firestore.CloudFirestoreV1WriteStream.write(CloudFirestoreV1WriteStream.java:144)
	at com.google.cloud.datastore.emulator.impl.firestore.CloudFirestoreV1WriteStream.onNext(CloudFirestoreV1WriteStream.java:99)
	at com.google.cloud.datastore.emulator.impl.firestore.CloudFirestoreV1WriteStream.onNext(CloudFirestoreV1WriteStream.java:27)
	at io.grpc.stub.ServerCalls$StreamingServerCallHandler$StreamingServerCallListener.onMessage(ServerCalls.java:262)
	at io.grpc.ForwardingServerCallListener.onMessage(ForwardingServerCallListener.java:33)
	at io.grpc.Contexts$ContextualizedServerCallListener.onMessage(Contexts.java:76)
	at io.grpc.ForwardingServerCallListener.onMessage(ForwardingServerCallListener.java:33)
	at io.grpc.Contexts$ContextualizedServerCallListener.onMessage(Contexts.java:76)
	at io.grpc.internal.ServerCallImpl$ServerStreamListenerImpl.messagesAvailableInternal(ServerCallImpl.java:334)
	at io.grpc.internal.ServerCallImpl$ServerStreamListenerImpl.messagesAvailable(ServerCallImpl.java:319)
	at io.grpc.internal.ServerImpl$JumpToApplicationThreadServerStreamListener$1MessagesAvailable.runInContext(ServerImpl.java:852)
	at io.grpc.internal.ContextRunnable.run(ContextRunnable.java:37)
	at io.grpc.internal.SerializingExecutor.run(SerializingExecutor.java:133)
	at java.base/java.util.concurrent.ThreadPoolExecutor.runWorker(Unknown Source)
	at java.base/java.util.concurrent.ThreadPoolExecutor$Worker.run(Unknown Source)
	at java.base/java.lang.Thread.run(Unknown Source)

Oct 03, 2026 7:50:34 PM com.google.cloud.datastore.emulator.impl.util.WrappedStreamObserver onError
WARNING: Operation failed: 
evaluation error at L97:9 for 'create' @ L97, false for 'create' @ L347, evaluation error at L97:9 for 'update' @ L97, false for 'update' @ L347, false for 'create' @ L97, false for 'create' @ L347
com.google.cloud.datastore.core.exception.DatastoreException: 
evaluation error at L97:9 for 'create' @ L97, false for 'create' @ L347, evaluation error at L97:9 for 'update' @ L97, false for 'update' @ L347, false for 'create' @ L97, false for 'create' @ L347
	at com.google.cloud.datastore.core.exception.DatastoreException$Builder.build(DatastoreException.java:152)
	at com.google.cloud.datastore.emulator.impl.rules.DefaultEmulatorRulesAuthorizer.verboseError(DefaultEmulatorRulesAuthorizer.java:349)
	at com.google.cloud.datastore.emulator.impl.rules.DefaultEmulatorRulesAuthorizer.withVerboseErrors(DefaultEmulatorRulesAuthorizer.java:326)
	at com.google.cloud.datastore.emulator.impl.rules.DefaultEmulatorRulesAuthorizer.checkCommit(DefaultEmulatorRulesAuthorizer.java:113)
	at com.google.cloud.datastore.emulator.impl.firestore.FirestoreEmulatorHelper.commitHelper(FirestoreEmulatorHelper.java:407)
	at com.google.cloud.datastore.emulator.impl.firestore.FirestoreEmulatorHelper.internalCommit(FirestoreEmulatorHelper.java:348)
	at com.google.cloud.datastore.emulator.impl.firestore.CloudFirestoreV1.internalCommit(CloudFirestoreV1.java:1336)
	at com.google.cloud.datastore.emulator.impl.firestore.CloudFirestoreV1.write(CloudFirestoreV1.java:1321)
	at com.google.cloud.datastore.emulator.impl.firestore.CloudFirestoreV1WriteStream.handleRequest(CloudFirestoreV1WriteStream.java:222)
	at com.google.cloud.datastore.emulator.impl.firestore.CloudFirestoreV1WriteStream.write(CloudFirestoreV1WriteStream.java:144)
	at com.google.cloud.datastore.emulator.impl.firestore.CloudFirestoreV1WriteStream.onNext(CloudFirestoreV1WriteStream.java:99)
	at com.google.cloud.datastore.emulator.impl.firestore.CloudFirestoreV1WriteStream.onNext(CloudFirestoreV1WriteStream.java:27)
	at io.grpc.stub.ServerCalls$StreamingServerCallHandler$StreamingServerCallListener.onMessage(ServerCalls.java:262)
	at io.grpc.ForwardingServerCallListener.onMessage(ForwardingServerCallListener.java:33)
	at io.grpc.Contexts$ContextualizedServerCallListener.onMessage(Contexts.java:76)
	at io.grpc.ForwardingServerCallListener.onMessage(ForwardingServerCallListener.java:33)
	at io.grpc.Contexts$ContextualizedServerCallListener.onMessage(Contexts.java:76)
	at io.grpc.internal.ServerCallImpl$ServerStreamListenerImpl.messagesAvailableInternal(ServerCallImpl.java:334)
	at io.grpc.internal.ServerCallImpl$ServerStreamListenerImpl.messagesAvailable(ServerCallImpl.java:319)
	at io.grpc.internal.ServerImpl$JumpToApplicationThreadServerStreamListener$1MessagesAvailable.runInContext(ServerImpl.java:852)
	at io.grpc.internal.ContextRunnable.run(ContextRunnable.java:37)
	at io.grpc.internal.SerializingExecutor.run(SerializingExecutor.java:133)
	at java.base/java.util.concurrent.ThreadPoolExecutor.runWorker(Unknown Source)
	at java.base/java.util.concurrent.ThreadPoolExecutor$Worker.run(Unknown Source)
	at java.base/java.lang.Thread.run(Unknown Source)

Oct 03, 2026 7:50:34 PM com.google.firebase.rules.runtime.impl.CompositeListener tryInvoke
WARNING: [CONTEXT ratelimit_period="1 MINUTES" ]
java.lang.ArrayIndexOutOfBoundsException: Index 0 out of bounds for length 0
	at com.google.common.collect.RegularImmutableList.get(RegularImmutableList.java:81)
	at com.google.cloud.datastore.emulator.firestore.websocket.EmulatorRequest.permissionTracesAsJsonArray(EmulatorRequest.java:113)
	at com.google.cloud.datastore.emulator.firestore.websocket.EmulatorRequest.toJson(EmulatorRequest.java:70)
	at com.google.cloud.datastore.emulator.firestore.websocket.BufferingRequestListener.publish(BufferingRequestListener.java:103)
	at com.google.cloud.datastore.emulator.firestore.websocket.BufferingRequestListener.afterRulesEvaluation(BufferingRequestListener.java:83)
	at com.google.cloud.datastore.emulator.impl.rules.EmulatorRuleClient$EmulatorRuleEvaluator$1.afterPermissionEvaluation(EmulatorRuleClient.java:113)
	at com.google.firebase.rules.runtime.impl.CompositeListener.lambda$afterPermissionEvaluation$1(CompositeListener.java:89)
	at com.google.firebase.rules.runtime.impl.CompositeListener.lambda$tryInvoke$0(CompositeListener.java:118)
	at com.google.common.collect.ImmutableList.forEach(ImmutableList.java:445)
	at com.google.firebase.rules.runtime.impl.CompositeListener.afterPermissionEvaluation(CompositeListener.java:88)
	at com.google.firebase.rules.runtime.impl.DefaultEvaluator$2.onFailure(DefaultEvaluator.java:171)
	at com.google.common.util.concurrent.Futures$CallbackListener.run(Futures.java:1295)
	at com.google.common.util.concurrent.DirectExecutor.execute(DirectExecutor.java:30)
	at com.google.common.util.concurrent.AbstractFuture.executeListener(AbstractFuture.java:1045)
	at com.google.common.util.concurrent.AbstractFuture.addListener(AbstractFuture.java:492)
	at com.google.common.util.concurrent.Futures.addCallback(Futures.java:1268)
	at com.google.firebase.rules.runtime.impl.DefaultEvaluator.evaluate(DefaultEvaluator.java:161)
	at com.google.cloud.datastore.emulator.impl.rules.EmulatorRuleClient$EmulatorRuleEvaluator.evaluate(EmulatorRuleClient.java:88)
	at com.google.cloud.datastore.core.auth.rules.AsyncTwoPhaseRulesAuthorizer.phaseOneEvaluate(AsyncTwoPhaseRulesAuthorizer.java:523)
	at com.google.cloud.datastore.core.auth.rules.AsyncTwoPhaseRulesAuthorizer.evaluateUpdateMutation(AsyncTwoPhaseRulesAuthorizer.java:423)
	at com.google.cloud.datastore.core.auth.rules.AsyncTwoPhaseRulesAuthorizer.checkWritePhaseOne(AsyncTwoPhaseRulesAuthorizer.java:370)
	at com.google.cloud.datastore.core.auth.rules.AsyncTwoPhaseRulesAuthorizer.lambda$checkWrite$0(AsyncTwoPhaseRulesAuthorizer.java:212)
	at com.google.cloud.datastore.computation.Computation.lambda$sequence$0(Computation.java:1020)
	at com.google.cloud.datastore.computation.Remainder$Completed.thenCompose(Remainder.java:726)
	at com.google.cloud.datastore.computation.Computation.sequence(Computation.java:1020)
	at com.google.cloud.datastore.core.auth.rules.AsyncTwoPhaseRulesAuthorizer.checkWrite(AsyncTwoPhaseRulesAuthorizer.java:209)
	at com.google.cloud.datastore.emulator.impl.rules.DefaultEmulatorRulesAuthorizer.lambda$checkCommit$1(DefaultEmulatorRulesAuthorizer.java:116)
	at com.google.cloud.datastore.computation.Computation.run(Computation.java:82)
	at com.google.cloud.datastore.computation.Computation$Terminated.toFuture(Computation.java:950)
	at com.google.cloud.datastore.computation.Computation.toFuture(Computation.java:93)
	at com.google.cloud.datastore.emulator.impl.rules.DefaultEmulatorRulesAuthorizer.finish(DefaultEmulatorRulesAuthorizer.java:308)
	at com.google.cloud.datastore.emulator.impl.rules.DefaultEmulatorRulesAuthorizer.lambda$checkCommit$0(DefaultEmulatorRulesAuthorizer.java:116)
	at com.google.cloud.datastore.emulator.impl.rules.DefaultEmulatorRulesAuthorizer.withVerboseErrors(DefaultEmulatorRulesAuthorizer.java:321)
	at com.google.cloud.datastore.emulator.impl.rules.DefaultEmulatorRulesAuthorizer.checkCommit(DefaultEmulatorRulesAuthorizer.java:113)
	at com.google.cloud.datastore.emulator.impl.firestore.FirestoreEmulatorHelper.commitHelper(FirestoreEmulatorHelper.java:407)
	at com.google.cloud.datastore.emulator.impl.firestore.FirestoreEmulatorHelper.internalCommit(FirestoreEmulatorHelper.java:348)
	at com.google.cloud.datastore.emulator.impl.firestore.CloudFirestoreV1.internalCommit(CloudFirestoreV1.java:1336)
	at com.google.cloud.datastore.emulator.impl.firestore.CloudFirestoreV1.write(CloudFirestoreV1.java:1321)
	at com.google.cloud.datastore.emulator.impl.firestore.CloudFirestoreV1WriteStream.handleRequest(CloudFirestoreV1WriteStream.java:222)
	at com.google.cloud.datastore.emulator.impl.firestore.CloudFirestoreV1WriteStream.write(CloudFirestoreV1WriteStream.java:144)
	at com.google.cloud.datastore.emulator.impl.firestore.CloudFirestoreV1WriteStream.onNext(CloudFirestoreV1WriteStream.java:99)
	at com.google.cloud.datastore.emulator.impl.firestore.CloudFirestoreV1WriteStream.onNext(CloudFirestoreV1WriteStream.java:27)
	at io.grpc.stub.ServerCalls$StreamingServerCallHandler$StreamingServerCallListener.onMessage(ServerCalls.java:262)
	at io.grpc.ForwardingServerCallListener.onMessage(ForwardingServerCallListener.java:33)
	at io.grpc.Contexts$ContextualizedServerCallListener.onMessage(Contexts.java:76)
	at io.grpc.ForwardingServerCallListener.onMessage(ForwardingServerCallListener.java:33)
	at io.grpc.Contexts$ContextualizedServerCallListener.onMessage(Contexts.java:76)
	at io.grpc.internal.ServerCallImpl$ServerStreamListenerImpl.messagesAvailableInternal(ServerCallImpl.java:334)
	at io.grpc.internal.ServerCallImpl$ServerStreamListenerImpl.messagesAvailable(ServerCallImpl.java:319)
	at io.grpc.internal.ServerImpl$JumpToApplicationThreadServerStreamListener$1MessagesAvailable.runInContext(ServerImpl.java:852)
	at io.grpc.internal.ContextRunnable.run(ContextRunnable.java:37)
	at io.grpc.internal.SerializingExecutor.run(SerializingExecutor.java:133)
	at java.base/java.util.concurrent.ThreadPoolExecutor.runWorker(Unknown Source)
	at java.base/java.util.concurrent.ThreadPoolExecutor$Worker.run(Unknown Source)
	at java.base/java.lang.Thread.run(Unknown Source)

Oct 03, 2026 7:50:34 PM com.google.cloud.datastore.emulator.impl.util.WrappedStreamObserver onError
WARNING: Operation failed: 
Unable to evaluate the expression as the maximum of 1000 expressions to evaluate has been reached. for 'update' @ L127, Unable to evaluate the expression as the maximum of 1000 expressions to evaluate has been reached. for 'update' @ L347, false for 'update' @ L127, false for 'update' @ L347
com.google.cloud.datastore.core.exception.DatastoreException: 
Unable to evaluate the expression as the maximum of 1000 expressions to evaluate has been reached. for 'update' @ L127, Unable to evaluate the expression as the maximum of 1000 expressions to evaluate has been reached. for 'update' @ L347, false for 'update' @ L127, false for 'update' @ L347
	at com.google.cloud.datastore.core.exception.DatastoreException$Builder.build(DatastoreException.java:152)
	at com.google.cloud.datastore.emulator.impl.rules.DefaultEmulatorRulesAuthorizer.verboseError(DefaultEmulatorRulesAuthorizer.java:349)
	at com.google.cloud.datastore.emulator.impl.rules.DefaultEmulatorRulesAuthorizer.withVerboseErrors(DefaultEmulatorRulesAuthorizer.java:326)
	at com.google.cloud.datastore.emulator.impl.rules.DefaultEmulatorRulesAuthorizer.checkCommit(DefaultEmulatorRulesAuthorizer.java:113)
	at com.google.cloud.datastore.emulator.impl.firestore.FirestoreEmulatorHelper.commitHelper(FirestoreEmulatorHelper.java:407)
	at com.google.cloud.datastore.emulator.impl.firestore.FirestoreEmulatorHelper.internalCommit(FirestoreEmulatorHelper.java:348)
	at com.google.cloud.datastore.emulator.impl.firestore.CloudFirestoreV1.internalCommit(CloudFirestoreV1.java:1336)
	at com.google.cloud.datastore.emulator.impl.firestore.CloudFirestoreV1.write(CloudFirestoreV1.java:1321)
	at com.google.cloud.datastore.emulator.impl.firestore.CloudFirestoreV1WriteStream.handleRequest(CloudFirestoreV1WriteStream.java:222)
	at com.google.cloud.datastore.emulator.impl.firestore.CloudFirestoreV1WriteStream.write(CloudFirestoreV1WriteStream.java:144)
	at com.google.cloud.datastore.emulator.impl.firestore.CloudFirestoreV1WriteStream.onNext(CloudFirestoreV1WriteStream.java:99)
	at com.google.cloud.datastore.emulator.impl.firestore.CloudFirestoreV1WriteStream.onNext(CloudFirestoreV1WriteStream.java:27)
	at io.grpc.stub.ServerCalls$StreamingServerCallHandler$StreamingServerCallListener.onMessage(ServerCalls.java:262)
	at io.grpc.ForwardingServerCallListener.onMessage(ForwardingServerCallListener.java:33)
	at io.grpc.Contexts$ContextualizedServerCallListener.onMessage(Contexts.java:76)
	at io.grpc.ForwardingServerCallListener.onMessage(ForwardingServerCallListener.java:33)
	at io.grpc.Contexts$ContextualizedServerCallListener.onMessage(Contexts.java:76)
	at io.grpc.internal.ServerCallImpl$ServerStreamListenerImpl.messagesAvailableInternal(ServerCallImpl.java:334)
	at io.grpc.internal.ServerCallImpl$ServerStreamListenerImpl.messagesAvailable(ServerCallImpl.java:319)
	at io.grpc.internal.ServerImpl$JumpToApplicationThreadServerStreamListener$1MessagesAvailable.runInContext(ServerImpl.java:852)
	at io.grpc.internal.ContextRunnable.run(ContextRunnable.java:37)
	at io.grpc.internal.SerializingExecutor.run(SerializingExecutor.java:133)
	at java.base/java.util.concurrent.ThreadPoolExecutor.runWorker(Unknown Source)
	at java.base/java.util.concurrent.ThreadPoolExecutor$Worker.run(Unknown Source)
	at java.base/java.lang.Thread.run(Unknown Source)

Oct 03, 2026 7:50:34 PM com.google.cloud.datastore.emulator.impl.util.WrappedStreamObserver onError
WARNING: Operation failed: 
evaluation error at L200:24 for 'update' @ L200, false for 'update' @ L347, false for 'update' @ L200, false for 'update' @ L347
com.google.cloud.datastore.core.exception.DatastoreException: 
evaluation error at L200:24 for 'update' @ L200, false for 'update' @ L347, false for 'update' @ L200, false for 'update' @ L347
	at com.google.cloud.datastore.core.exception.DatastoreException$Builder.build(DatastoreException.java:152)
	at com.google.cloud.datastore.emulator.impl.rules.DefaultEmulatorRulesAuthorizer.verboseError(DefaultEmulatorRulesAuthorizer.java:349)
	at com.google.cloud.datastore.emulator.impl.rules.DefaultEmulatorRulesAuthorizer.withVerboseErrors(DefaultEmulatorRulesAuthorizer.java:326)
	at com.google.cloud.datastore.emulator.impl.rules.DefaultEmulatorRulesAuthorizer.checkCommit(DefaultEmulatorRulesAuthorizer.java:113)
	at com.google.cloud.datastore.emulator.impl.firestore.FirestoreEmulatorHelper.commitHelper(FirestoreEmulatorHelper.java:407)
	at com.google.cloud.datastore.emulator.impl.firestore.FirestoreEmulatorHelper.internalCommit(FirestoreEmulatorHelper.java:348)
	at com.google.cloud.datastore.emulator.impl.firestore.CloudFirestoreV1.internalCommit(CloudFirestoreV1.java:1336)
	at com.google.cloud.datastore.emulator.impl.firestore.CloudFirestoreV1.write(CloudFirestoreV1.java:1321)
	at com.google.cloud.datastore.emulator.impl.firestore.CloudFirestoreV1WriteStream.handleRequest(CloudFirestoreV1WriteStream.java:222)
	at com.google.cloud.datastore.emulator.impl.firestore.CloudFirestoreV1WriteStream.write(CloudFirestoreV1WriteStream.java:144)
	at com.google.cloud.datastore.emulator.impl.firestore.CloudFirestoreV1WriteStream.onNext(CloudFirestoreV1WriteStream.java:99)
	at com.google.cloud.datastore.emulator.impl.firestore.CloudFirestoreV1WriteStream.onNext(CloudFirestoreV1WriteStream.java:27)
	at io.grpc.stub.ServerCalls$StreamingServerCallHandler$StreamingServerCallListener.onMessage(ServerCalls.java:262)
	at io.grpc.ForwardingServerCallListener.onMessage(ForwardingServerCallListener.java:33)
	at io.grpc.Contexts$ContextualizedServerCallListener.onMessage(Contexts.java:76)
	at io.grpc.ForwardingServerCallListener.onMessage(ForwardingServerCallListener.java:33)
	at io.grpc.Contexts$ContextualizedServerCallListener.onMessage(Contexts.java:76)
	at io.grpc.internal.ServerCallImpl$ServerStreamListenerImpl.messagesAvailableInternal(ServerCallImpl.java:334)
	at io.grpc.internal.ServerCallImpl$ServerStreamListenerImpl.messagesAvailable(ServerCallImpl.java:319)
	at io.grpc.internal.ServerImpl$JumpToApplicationThreadServerStreamListener$1MessagesAvailable.runInContext(ServerImpl.java:852)
	at io.grpc.internal.ContextRunnable.run(ContextRunnable.java:37)
	at io.grpc.internal.SerializingExecutor.run(SerializingExecutor.java:133)
	at java.base/java.util.concurrent.ThreadPoolExecutor.runWorker(Unknown Source)
	at java.base/java.util.concurrent.ThreadPoolExecutor$Worker.run(Unknown Source)
	at java.base/java.lang.Thread.run(Unknown Source)

Oct 03, 2026 7:50:34 PM com.google.cloud.datastore.emulator.impl.util.WrappedStreamObserver onError
WARNING: Operation failed: 
evaluation error at L226:24 for 'delete' @ L226, false for 'delete' @ L347, false for 'delete' @ L226, false for 'delete' @ L347
com.google.cloud.datastore.core.exception.DatastoreException: 
evaluation error at L226:24 for 'delete' @ L226, false for 'delete' @ L347, false for 'delete' @ L226, false for 'delete' @ L347
	at com.google.cloud.datastore.core.exception.DatastoreException$Builder.build(DatastoreException.java:152)
	at com.google.cloud.datastore.emulator.impl.rules.DefaultEmulatorRulesAuthorizer.verboseError(DefaultEmulatorRulesAuthorizer.java:349)
	at com.google.cloud.datastore.emulator.impl.rules.DefaultEmulatorRulesAuthorizer.withVerboseErrors(DefaultEmulatorRulesAuthorizer.java:326)
	at com.google.cloud.datastore.emulator.impl.rules.DefaultEmulatorRulesAuthorizer.checkCommit(DefaultEmulatorRulesAuthorizer.java:113)
	at com.google.cloud.datastore.emulator.impl.firestore.FirestoreEmulatorHelper.commitHelper(FirestoreEmulatorHelper.java:407)
	at com.google.cloud.datastore.emulator.impl.firestore.FirestoreEmulatorHelper.internalCommit(FirestoreEmulatorHelper.java:348)
	at com.google.cloud.datastore.emulator.impl.firestore.CloudFirestoreV1.internalCommit(CloudFirestoreV1.java:1336)
	at com.google.cloud.datastore.emulator.impl.firestore.CloudFirestoreV1.write(CloudFirestoreV1.java:1321)
	at com.google.cloud.datastore.emulator.impl.firestore.CloudFirestoreV1WriteStream.handleRequest(CloudFirestoreV1WriteStream.java:222)
	at com.google.cloud.datastore.emulator.impl.firestore.CloudFirestoreV1WriteStream.write(CloudFirestoreV1WriteStream.java:144)
	at com.google.cloud.datastore.emulator.impl.firestore.CloudFirestoreV1WriteStream.onNext(CloudFirestoreV1WriteStream.java:99)
	at com.google.cloud.datastore.emulator.impl.firestore.CloudFirestoreV1WriteStream.onNext(CloudFirestoreV1WriteStream.java:27)
	at io.grpc.stub.ServerCalls$StreamingServerCallHandler$StreamingServerCallListener.onMessage(ServerCalls.java:262)
	at io.grpc.ForwardingServerCallListener.onMessage(ForwardingServerCallListener.java:33)
	at io.grpc.Contexts$ContextualizedServerCallListener.onMessage(Contexts.java:76)
	at io.grpc.ForwardingServerCallListener.onMessage(ForwardingServerCallListener.java:33)
	at io.grpc.Contexts$ContextualizedServerCallListener.onMessage(Contexts.java:76)
	at io.grpc.internal.ServerCallImpl$ServerStreamListenerImpl.messagesAvailableInternal(ServerCallImpl.java:334)
	at io.grpc.internal.ServerCallImpl$ServerStreamListenerImpl.messagesAvailable(ServerCallImpl.java:319)
	at io.grpc.internal.ServerImpl$JumpToApplicationThreadServerStreamListener$1MessagesAvailable.runInContext(ServerImpl.java:852)
	at io.grpc.internal.ContextRunnable.run(ContextRunnable.java:37)
	at io.grpc.internal.SerializingExecutor.run(SerializingExecutor.java:133)
	at java.base/java.util.concurrent.ThreadPoolExecutor.runWorker(Unknown Source)
	at java.base/java.util.concurrent.ThreadPoolExecutor$Worker.run(Unknown Source)
	at java.base/java.lang.Thread.run(Unknown Source)

Oct 03, 2026 7:50:34 PM com.google.cloud.datastore.emulator.impl.util.WrappedStreamObserver onError
WARNING: Operation failed: 
Unable to evaluate the expression as the maximum of 1000 expressions to evaluate has been reached. for 'update' @ L167, Unable to evaluate the expression as the maximum of 1000 expressions to evaluate has been reached. for 'update' @ L347, Unable to evaluate the expression as the maximum of 1000 expressions to evaluate has been reached. for 'update' @ L167, Unable to evaluate the expression as the maximum of 1000 expressions to evaluate has been reached. for 'update' @ L347
com.google.cloud.datastore.core.exception.DatastoreException: 
Unable to evaluate the expression as the maximum of 1000 expressions to evaluate has been reached. for 'update' @ L167, Unable to evaluate the expression as the maximum of 1000 expressions to evaluate has been reached. for 'update' @ L347, Unable to evaluate the expression as the maximum of 1000 expressions to evaluate has been reached. for 'update' @ L167, Unable to evaluate the expression as the maximum of 1000 expressions to evaluate has been reached. for 'update' @ L347
	at com.google.cloud.datastore.core.exception.DatastoreException$Builder.build(DatastoreException.java:152)
	at com.google.cloud.datastore.emulator.impl.rules.DefaultEmulatorRulesAuthorizer.verboseError(DefaultEmulatorRulesAuthorizer.java:349)
	at com.google.cloud.datastore.emulator.impl.rules.DefaultEmulatorRulesAuthorizer.withVerboseErrors(DefaultEmulatorRulesAuthorizer.java:326)
	at com.google.cloud.datastore.emulator.impl.rules.DefaultEmulatorRulesAuthorizer.checkCommit(DefaultEmulatorRulesAuthorizer.java:113)
	at com.google.cloud.datastore.emulator.impl.firestore.FirestoreEmulatorHelper.commitHelper(FirestoreEmulatorHelper.java:407)
	at com.google.cloud.datastore.emulator.impl.firestore.FirestoreEmulatorHelper.internalCommit(FirestoreEmulatorHelper.java:348)
	at com.google.cloud.datastore.emulator.impl.firestore.CloudFirestoreV1.internalCommit(CloudFirestoreV1.java:1336)
	at com.google.cloud.datastore.emulator.impl.firestore.CloudFirestoreV1.write(CloudFirestoreV1.java:1321)
	at com.google.cloud.datastore.emulator.impl.firestore.CloudFirestoreV1WriteStream.handleRequest(CloudFirestoreV1WriteStream.java:222)
	at com.google.cloud.datastore.emulator.impl.firestore.CloudFirestoreV1WriteStream.write(CloudFirestoreV1WriteStream.java:144)
	at com.google.cloud.datastore.emulator.impl.firestore.CloudFirestoreV1WriteStream.onNext(CloudFirestoreV1WriteStream.java:99)
	at com.google.cloud.datastore.emulator.impl.firestore.CloudFirestoreV1WriteStream.onNext(CloudFirestoreV1WriteStream.java:27)
	at io.grpc.stub.ServerCalls$StreamingServerCallHandler$StreamingServerCallListener.onMessage(ServerCalls.java:262)
	at io.grpc.ForwardingServerCallListener.onMessage(ForwardingServerCallListener.java:33)
	at io.grpc.Contexts$ContextualizedServerCallListener.onMessage(Contexts.java:76)
	at io.grpc.ForwardingServerCallListener.onMessage(ForwardingServerCallListener.java:33)
	at io.grpc.Contexts$ContextualizedServerCallListener.onMessage(Contexts.java:76)
	at io.grpc.internal.ServerCallImpl$ServerStreamListenerImpl.messagesAvailableInternal(ServerCallImpl.java:334)
	at io.grpc.internal.ServerCallImpl$ServerStreamListenerImpl.messagesAvailable(ServerCallImpl.java:319)
	at io.grpc.internal.ServerImpl$JumpToApplicationThreadServerStreamListener$1MessagesAvailable.runInContext(ServerImpl.java:852)
	at io.grpc.internal.ContextRunnable.run(ContextRunnable.java:37)
	at io.grpc.internal.SerializingExecutor.run(SerializingExecutor.java:133)
	at java.base/java.util.concurrent.ThreadPoolExecutor.runWorker(Unknown Source)
	at java.base/java.util.concurrent.ThreadPoolExecutor$Worker.run(Unknown Source)
	at java.base/java.lang.Thread.run(Unknown Source)
Caused by: com.google.firebase.rules.runtime.common.EvaluationException: Error:  line [26], column [38]. Unable to evaluate the expression as the maximum of 1000 expressions to evaluate has been reached.
	at com.google.firebase.rules.runtime.impl.DefaultEvaluator$TransformEvaluationException.apply(DefaultEvaluator.java:275)
	at com.google.firebase.rules.runtime.impl.DefaultEvaluator$TransformEvaluationException.apply(DefaultEvaluator.java:261)
	at com.google.common.util.concurrent.AbstractCatchingFuture$AsyncCatchingFuture.doFallback(AbstractCatchingFuture.java:207)
	at com.google.common.util.concurrent.AbstractCatchingFuture$AsyncCatchingFuture.doFallback(AbstractCatchingFuture.java:194)
	at com.google.common.util.concurrent.AbstractCatchingFuture.run(AbstractCatchingFuture.java:136)
	at com.google.common.util.concurrent.DirectExecutor.execute(DirectExecutor.java:30)
	at com.google.common.util.concurrent.AbstractFuture.executeListener(AbstractFuture.java:1045)
	at com.google.common.util.concurrent.AbstractFuture.addListener(AbstractFuture.java:492)
	at com.google.common.util.concurrent.FluentFuture$TrustedFuture.addListener(FluentFuture.java:122)
	at com.google.common.util.concurrent.AbstractCatchingFuture.createAsync(AbstractCatchingFuture.java:58)
	at com.google.common.util.concurrent.Futures.catchingAsync(Futures.java:411)
	at com.google.firebase.rules.runtime.impl.DefaultEvaluator.evaluate(DefaultEvaluator.java:177)
	at com.google.cloud.datastore.emulator.impl.rules.EmulatorRuleClient$EmulatorRuleEvaluator.evaluate(EmulatorRuleClient.java:88)
	at com.google.cloud.datastore.core.auth.rules.AsyncTwoPhaseRulesAuthorizer.lambda$fullEvaluate$0(AsyncTwoPhaseRulesAuthorizer.java:993)
	at com.google.cloud.datastore.computation.Computation.tryCatch(Computation.java:472)
	at com.google.cloud.datastore.core.auth.rules.AsyncTwoPhaseRulesAuthorizer.fullEvaluate(AsyncTwoPhaseRulesAuthorizer.java:992)
	at com.google.cloud.datastore.core.auth.rules.AsyncTwoPhaseRulesAuthorizer$WriteAuthorizerImpl.lambda$checkWrite$0(AsyncTwoPhaseRulesAuthorizer.java:1227)
	at com.google.cloud.datastore.computation.Computation.lambda$tryClose$1(Computation.java:741)
	at com.google.cloud.datastore.computation.Computation.tryCatch(Computation.java:472)
	at com.google.cloud.datastore.computation.Computation.tryFinally(Computation.java:708)
	at com.google.cloud.datastore.computation.Computation.tryFinally(Computation.java:714)
	at com.google.cloud.datastore.computation.Computation.tryClose(Computation.java:741)
	at com.google.cloud.datastore.core.auth.rules.AsyncTwoPhaseRulesAuthorizer$WriteAuthorizerImpl.checkWrite(AsyncTwoPhaseRulesAuthorizer.java:1199)
	at com.google.cloud.datastore.emulator.impl.rules.DefaultEmulatorRulesAuthorizer.lambda$checkCommit$2(DefaultEmulatorRulesAuthorizer.java:124)
	at com.google.cloud.datastore.computation.Computation.run(Computation.java:82)
	at com.google.cloud.datastore.computation.Computation$Terminated.toFuture(Computation.java:950)
	at com.google.cloud.datastore.computation.Computation.toFuture(Computation.java:93)
	at com.google.cloud.datastore.emulator.impl.rules.DefaultEmulatorRulesAuthorizer.finish(DefaultEmulatorRulesAuthorizer.java:308)
	at com.google.cloud.datastore.emulator.impl.rules.DefaultEmulatorRulesAuthorizer.lambda$checkCommit$0(DefaultEmulatorRulesAuthorizer.java:122)
	at com.google.cloud.datastore.emulator.impl.rules.DefaultEmulatorRulesAuthorizer.withVerboseErrors(DefaultEmulatorRulesAuthorizer.java:321)
	... 22 more

Oct 03, 2026 7:50:35 PM com.google.cloud.datastore.emulator.impl.util.WrappedStreamObserver onError
WARNING: Operation failed: 
evaluation error at L200:24 for 'update' @ L200, false for 'update' @ L347, false for 'update' @ L200, false for 'update' @ L347
com.google.cloud.datastore.core.exception.DatastoreException: 
evaluation error at L200:24 for 'update' @ L200, false for 'update' @ L347, false for 'update' @ L200, false for 'update' @ L347
	at com.google.cloud.datastore.core.exception.DatastoreException$Builder.build(DatastoreException.java:152)
	at com.google.cloud.datastore.emulator.impl.rules.DefaultEmulatorRulesAuthorizer.verboseError(DefaultEmulatorRulesAuthorizer.java:349)
	at com.google.cloud.datastore.emulator.impl.rules.DefaultEmulatorRulesAuthorizer.withVerboseErrors(DefaultEmulatorRulesAuthorizer.java:326)
	at com.google.cloud.datastore.emulator.impl.rules.DefaultEmulatorRulesAuthorizer.checkCommit(DefaultEmulatorRulesAuthorizer.java:113)
	at com.google.cloud.datastore.emulator.impl.firestore.FirestoreEmulatorHelper.commitHelper(FirestoreEmulatorHelper.java:407)
	at com.google.cloud.datastore.emulator.impl.firestore.FirestoreEmulatorHelper.internalCommit(FirestoreEmulatorHelper.java:348)
	at com.google.cloud.datastore.emulator.impl.firestore.CloudFirestoreV1.internalCommit(CloudFirestoreV1.java:1336)
	at com.google.cloud.datastore.emulator.impl.firestore.CloudFirestoreV1.write(CloudFirestoreV1.java:1321)
	at com.google.cloud.datastore.emulator.impl.firestore.CloudFirestoreV1WriteStream.handleRequest(CloudFirestoreV1WriteStream.java:222)
	at com.google.cloud.datastore.emulator.impl.firestore.CloudFirestoreV1WriteStream.write(CloudFirestoreV1WriteStream.java:144)
	at com.google.cloud.datastore.emulator.impl.firestore.CloudFirestoreV1WriteStream.onNext(CloudFirestoreV1WriteStream.java:99)
	at com.google.cloud.datastore.emulator.impl.firestore.CloudFirestoreV1WriteStream.onNext(CloudFirestoreV1WriteStream.java:27)
	at io.grpc.stub.ServerCalls$StreamingServerCallHandler$StreamingServerCallListener.onMessage(ServerCalls.java:262)
	at io.grpc.ForwardingServerCallListener.onMessage(ForwardingServerCallListener.java:33)
	at io.grpc.Contexts$ContextualizedServerCallListener.onMessage(Contexts.java:76)
	at io.grpc.ForwardingServerCallListener.onMessage(ForwardingServerCallListener.java:33)
	at io.grpc.Contexts$ContextualizedServerCallListener.onMessage(Contexts.java:76)
	at io.grpc.internal.ServerCallImpl$ServerStreamListenerImpl.messagesAvailableInternal(ServerCallImpl.java:334)
	at io.grpc.internal.ServerCallImpl$ServerStreamListenerImpl.messagesAvailable(ServerCallImpl.java:319)
	at io.grpc.internal.ServerImpl$JumpToApplicationThreadServerStreamListener$1MessagesAvailable.runInContext(ServerImpl.java:852)
	at io.grpc.internal.ContextRunnable.run(ContextRunnable.java:37)
	at io.grpc.internal.SerializingExecutor.run(SerializingExecutor.java:133)
	at java.base/java.util.concurrent.ThreadPoolExecutor.runWorker(Unknown Source)
	at java.base/java.util.concurrent.ThreadPoolExecutor$Worker.run(Unknown Source)
	at java.base/java.lang.Thread.run(Unknown Source)

Oct 03, 2026 7:50:35 PM com.google.cloud.datastore.emulator.impl.util.WrappedStreamObserver onError
WARNING: Operation failed: 
false for 'update' @ L97, Unable to evaluate the expression as the maximum of 1000 expressions to evaluate has been reached. for 'update' @ L112, Unable to evaluate the expression as the maximum of 1000 expressions to evaluate has been reached. for 'update' @ L347, evaluation error at L162:24 for 'create' @ L162, false for 'create' @ L347, Unable to evaluate the expression as the maximum of 1000 expressions to evaluate has been reached. for 'update' @ L167, Unable to evaluate the expression as the maximum of 1000 expressions to evaluate has been reached. for 'update' @ L347, evaluation error at L200:24 for 'update' @ L200, false for 'update' @ L347, evaluation error at L243:24 for 'create' @ L243, false for 'create' @ L347, evaluation error at L247:24 for 'update' @ L247, false for 'update' @ L347, evaluation error at L254:24 for 'create' @ L254, false for 'create' @ L347, false for 'update' @ L264, false for 'update' @ L347, evaluation error at L300:71 for 'create' @ L300, false for 'create' @ L347, false for 'update' @ L300, false for 'update' @ L347, false for 'update' @ L97, false for 'update' @ L112, false for 'update' @ L347, false for 'create' @ L162, false for 'create' @ L347, false for 'create' @ L243, false for 'create' @ L347, false for 'create' @ L300, false for 'create' @ L347, false for 'update' @ L200, false for 'update' @ L347
com.google.cloud.datastore.core.exception.DatastoreException: 
false for 'update' @ L97, Unable to evaluate the expression as the maximum of 1000 expressions to evaluate has been reached. for 'update' @ L112, Unable to evaluate the expression as the maximum of 1000 expressions to evaluate has been reached. for 'update' @ L347, evaluation error at L162:24 for 'create' @ L162, false for 'create' @ L347, Unable to evaluate the expression as the maximum of 1000 expressions to evaluate has been reached. for 'update' @ L167, Unable to evaluate the expression as the maximum of 1000 expressions to evaluate has been reached. for 'update' @ L347, evaluation error at L200:24 for 'update' @ L200, false for 'update' @ L347, evaluation error at L243:24 for 'create' @ L243, false for 'create' @ L347, evaluation error at L247:24 for 'update' @ L247, false for 'update' @ L347, evaluation error at L254:24 for 'create' @ L254, false for 'create' @ L347, false for 'update' @ L264, false for 'update' @ L347, evaluation error at L300:71 for 'create' @ L300, false for 'create' @ L347, false for 'update' @ L300, false for 'update' @ L347, false for 'update' @ L97, false for 'update' @ L112, false for 'update' @ L347, false for 'create' @ L162, false for 'create' @ L347, false for 'create' @ L243, false for 'create' @ L347, false for 'create' @ L300, false for 'create' @ L347, false for 'update' @ L200, false for 'update' @ L347
	at com.google.cloud.datastore.core.exception.DatastoreException$Builder.build(DatastoreException.java:152)
	at com.google.cloud.datastore.emulator.impl.rules.DefaultEmulatorRulesAuthorizer.verboseError(DefaultEmulatorRulesAuthorizer.java:349)
	at com.google.cloud.datastore.emulator.impl.rules.DefaultEmulatorRulesAuthorizer.withVerboseErrors(DefaultEmulatorRulesAuthorizer.java:326)
	at com.google.cloud.datastore.emulator.impl.rules.DefaultEmulatorRulesAuthorizer.checkCommit(DefaultEmulatorRulesAuthorizer.java:113)
	at com.google.cloud.datastore.emulator.impl.firestore.FirestoreEmulatorHelper.commitHelper(FirestoreEmulatorHelper.java:407)
	at com.google.cloud.datastore.emulator.impl.firestore.FirestoreEmulatorHelper.internalCommit(FirestoreEmulatorHelper.java:348)
	at com.google.cloud.datastore.emulator.impl.firestore.CloudFirestoreV1.commit(CloudFirestoreV1.java:541)
	at com.google.cloud.datastore.emulator.impl.firestore.CloudFirestoreV1Router.commit(CloudFirestoreV1Router.java:177)
	at com.google.cloud.datastore.emulator.firestore.v1.FirestoreV1GrpcAdapter$1.lambda$commit$0(FirestoreV1GrpcAdapter.java:162)
	at com.google.cloud.datastore.emulator.firestore.v1.FirestoreV1GrpcAdapter.unary(FirestoreV1GrpcAdapter.java:72)
	at com.google.cloud.datastore.emulator.firestore.v1.FirestoreV1GrpcAdapter$1.commit(FirestoreV1GrpcAdapter.java:162)
	at com.google.firestore.v1.FirestoreGrpc$MethodHandlers.invoke(FirestoreGrpc.java:1404)
	at io.grpc.stub.ServerCalls$UnaryServerCallHandler$UnaryServerCallListener.onHalfClose(ServerCalls.java:182)
	at io.grpc.PartialForwardingServerCallListener.onHalfClose(PartialForwardingServerCallListener.java:35)
	at io.grpc.ForwardingServerCallListener.onHalfClose(ForwardingServerCallListener.java:23)
	at io.grpc.ForwardingServerCallListener$SimpleForwardingServerCallListener.onHalfClose(ForwardingServerCallListener.java:40)
	at io.grpc.Contexts$ContextualizedServerCallListener.onHalfClose(Contexts.java:86)
	at io.grpc.PartialForwardingServerCallListener.onHalfClose(PartialForwardingServerCallListener.java:35)
	at io.grpc.ForwardingServerCallListener.onHalfClose(ForwardingServerCallListener.java:23)
	at io.grpc.ForwardingServerCallListener$SimpleForwardingServerCallListener.onHalfClose(ForwardingServerCallListener.java:40)
	at io.grpc.Contexts$ContextualizedServerCallListener.onHalfClose(Contexts.java:86)
	at io.grpc.internal.ServerCallImpl$ServerStreamListenerImpl.halfClosed(ServerCallImpl.java:356)
	at io.grpc.internal.ServerImpl$JumpToApplicationThreadServerStreamListener$1HalfClosed.runInContext(ServerImpl.java:879)
	at io.grpc.internal.ContextRunnable.run(ContextRunnable.java:37)
	at io.grpc.internal.SerializingExecutor.run(SerializingExecutor.java:133)
	at java.base/java.util.concurrent.ThreadPoolExecutor.runWorker(Unknown Source)
	at java.base/java.util.concurrent.ThreadPoolExecutor$Worker.run(Unknown Source)
	at java.base/java.lang.Thread.run(Unknown Source)

Oct 03, 2026 7:50:35 PM com.google.cloud.datastore.emulator.impl.util.WrappedStreamObserver onError
WARNING: Operation failed: 
false for 'update' @ L264, false for 'update' @ L347
com.google.cloud.datastore.core.exception.DatastoreException: 
false for 'update' @ L264, false for 'update' @ L347
	at com.google.cloud.datastore.core.exception.DatastoreException$Builder.build(DatastoreException.java:152)
	at com.google.cloud.datastore.emulator.impl.rules.DefaultEmulatorRulesAuthorizer.verboseError(DefaultEmulatorRulesAuthorizer.java:349)
	at com.google.cloud.datastore.emulator.impl.rules.DefaultEmulatorRulesAuthorizer.withVerboseErrors(DefaultEmulatorRulesAuthorizer.java:326)
	at com.google.cloud.datastore.emulator.impl.rules.DefaultEmulatorRulesAuthorizer.checkCommit(DefaultEmulatorRulesAuthorizer.java:113)
	at com.google.cloud.datastore.emulator.impl.firestore.FirestoreEmulatorHelper.commitHelper(FirestoreEmulatorHelper.java:407)
	at com.google.cloud.datastore.emulator.impl.firestore.FirestoreEmulatorHelper.internalCommit(FirestoreEmulatorHelper.java:348)
	at com.google.cloud.datastore.emulator.impl.firestore.CloudFirestoreV1.internalCommit(CloudFirestoreV1.java:1336)
	at com.google.cloud.datastore.emulator.impl.firestore.CloudFirestoreV1.write(CloudFirestoreV1.java:1321)
	at com.google.cloud.datastore.emulator.impl.firestore.CloudFirestoreV1WriteStream.handleRequest(CloudFirestoreV1WriteStream.java:222)
	at com.google.cloud.datastore.emulator.impl.firestore.CloudFirestoreV1WriteStream.write(CloudFirestoreV1WriteStream.java:144)
	at com.google.cloud.datastore.emulator.impl.firestore.CloudFirestoreV1WriteStream.onNext(CloudFirestoreV1WriteStream.java:99)
	at com.google.cloud.datastore.emulator.impl.firestore.CloudFirestoreV1WriteStream.onNext(CloudFirestoreV1WriteStream.java:27)
	at io.grpc.stub.ServerCalls$StreamingServerCallHandler$StreamingServerCallListener.onMessage(ServerCalls.java:262)
	at io.grpc.ForwardingServerCallListener.onMessage(ForwardingServerCallListener.java:33)
	at io.grpc.Contexts$ContextualizedServerCallListener.onMessage(Contexts.java:76)
	at io.grpc.ForwardingServerCallListener.onMessage(ForwardingServerCallListener.java:33)
	at io.grpc.Contexts$ContextualizedServerCallListener.onMessage(Contexts.java:76)
	at io.grpc.internal.ServerCallImpl$ServerStreamListenerImpl.messagesAvailableInternal(ServerCallImpl.java:334)
	at io.grpc.internal.ServerCallImpl$ServerStreamListenerImpl.messagesAvailable(ServerCallImpl.java:319)
	at io.grpc.internal.ServerImpl$JumpToApplicationThreadServerStreamListener$1MessagesAvailable.runInContext(ServerImpl.java:852)
	at io.grpc.internal.ContextRunnable.run(ContextRunnable.java:37)
	at io.grpc.internal.SerializingExecutor.run(SerializingExecutor.java:133)
	at java.base/java.util.concurrent.ThreadPoolExecutor.runWorker(Unknown Source)
	at java.base/java.util.concurrent.ThreadPoolExecutor$Worker.run(Unknown Source)
	at java.base/java.lang.Thread.run(Unknown Source)

Oct 03, 2026 7:50:35 PM com.google.cloud.datastore.emulator.impl.util.WrappedStreamObserver onError
WARNING: Operation failed: 
false for 'delete' @ L287, false for 'delete' @ L347
com.google.cloud.datastore.core.exception.DatastoreException: 
false for 'delete' @ L287, false for 'delete' @ L347
	at com.google.cloud.datastore.core.exception.DatastoreException$Builder.build(DatastoreException.java:152)
	at com.google.cloud.datastore.emulator.impl.rules.DefaultEmulatorRulesAuthorizer.verboseError(DefaultEmulatorRulesAuthorizer.java:349)
	at com.google.cloud.datastore.emulator.impl.rules.DefaultEmulatorRulesAuthorizer.withVerboseErrors(DefaultEmulatorRulesAuthorizer.java:326)
	at com.google.cloud.datastore.emulator.impl.rules.DefaultEmulatorRulesAuthorizer.checkCommit(DefaultEmulatorRulesAuthorizer.java:113)
	at com.google.cloud.datastore.emulator.impl.firestore.FirestoreEmulatorHelper.commitHelper(FirestoreEmulatorHelper.java:407)
	at com.google.cloud.datastore.emulator.impl.firestore.FirestoreEmulatorHelper.internalCommit(FirestoreEmulatorHelper.java:348)
	at com.google.cloud.datastore.emulator.impl.firestore.CloudFirestoreV1.internalCommit(CloudFirestoreV1.java:1336)
	at com.google.cloud.datastore.emulator.impl.firestore.CloudFirestoreV1.write(CloudFirestoreV1.java:1321)
	at com.google.cloud.datastore.emulator.impl.firestore.CloudFirestoreV1WriteStream.handleRequest(CloudFirestoreV1WriteStream.java:222)
	at com.google.cloud.datastore.emulator.impl.firestore.CloudFirestoreV1WriteStream.write(CloudFirestoreV1WriteStream.java:144)
	at com.google.cloud.datastore.emulator.impl.firestore.CloudFirestoreV1WriteStream.onNext(CloudFirestoreV1WriteStream.java:99)
	at com.google.cloud.datastore.emulator.impl.firestore.CloudFirestoreV1WriteStream.onNext(CloudFirestoreV1WriteStream.java:27)
	at io.grpc.stub.ServerCalls$StreamingServerCallHandler$StreamingServerCallListener.onMessage(ServerCalls.java:262)
	at io.grpc.ForwardingServerCallListener.onMessage(ForwardingServerCallListener.java:33)
	at io.grpc.Contexts$ContextualizedServerCallListener.onMessage(Contexts.java:76)
	at io.grpc.ForwardingServerCallListener.onMessage(ForwardingServerCallListener.java:33)
	at io.grpc.Contexts$ContextualizedServerCallListener.onMessage(Contexts.java:76)
	at io.grpc.internal.ServerCallImpl$ServerStreamListenerImpl.messagesAvailableInternal(ServerCallImpl.java:334)
	at io.grpc.internal.ServerCallImpl$ServerStreamListenerImpl.messagesAvailable(ServerCallImpl.java:319)
	at io.grpc.internal.ServerImpl$JumpToApplicationThreadServerStreamListener$1MessagesAvailable.runInContext(ServerImpl.java:852)
	at io.grpc.internal.ContextRunnable.run(ContextRunnable.java:37)
	at io.grpc.internal.SerializingExecutor.run(SerializingExecutor.java:133)
	at java.base/java.util.concurrent.ThreadPoolExecutor.runWorker(Unknown Source)
	at java.base/java.util.concurrent.ThreadPoolExecutor$Worker.run(Unknown Source)
	at java.base/java.lang.Thread.run(Unknown Source)

Oct 03, 2026 7:50:35 PM com.google.cloud.datastore.emulator.impl.util.WrappedStreamObserver onError
WARNING: Operation failed: 
false for 'create' @ L313, false for 'create' @ L347, false for 'update' @ L318, false for 'update' @ L347
com.google.cloud.datastore.core.exception.DatastoreException: 
false for 'create' @ L313, false for 'create' @ L347, false for 'update' @ L318, false for 'update' @ L347
	at com.google.cloud.datastore.core.exception.DatastoreException$Builder.build(DatastoreException.java:152)
	at com.google.cloud.datastore.emulator.impl.rules.DefaultEmulatorRulesAuthorizer.verboseError(DefaultEmulatorRulesAuthorizer.java:349)
	at com.google.cloud.datastore.emulator.impl.rules.DefaultEmulatorRulesAuthorizer.withVerboseErrors(DefaultEmulatorRulesAuthorizer.java:326)
	at com.google.cloud.datastore.emulator.impl.rules.DefaultEmulatorRulesAuthorizer.checkCommit(DefaultEmulatorRulesAuthorizer.java:113)
	at com.google.cloud.datastore.emulator.impl.firestore.FirestoreEmulatorHelper.commitHelper(FirestoreEmulatorHelper.java:407)
	at com.google.cloud.datastore.emulator.impl.firestore.FirestoreEmulatorHelper.internalCommit(FirestoreEmulatorHelper.java:348)
	at com.google.cloud.datastore.emulator.impl.firestore.CloudFirestoreV1.internalCommit(CloudFirestoreV1.java:1336)
	at com.google.cloud.datastore.emulator.impl.firestore.CloudFirestoreV1.write(CloudFirestoreV1.java:1321)
	at com.google.cloud.datastore.emulator.impl.firestore.CloudFirestoreV1WriteStream.handleRequest(CloudFirestoreV1WriteStream.java:222)
	at com.google.cloud.datastore.emulator.impl.firestore.CloudFirestoreV1WriteStream.write(CloudFirestoreV1WriteStream.java:144)
	at com.google.cloud.datastore.emulator.impl.firestore.CloudFirestoreV1WriteStream.onNext(CloudFirestoreV1WriteStream.java:99)
	at com.google.cloud.datastore.emulator.impl.firestore.CloudFirestoreV1WriteStream.onNext(CloudFirestoreV1WriteStream.java:27)
	at io.grpc.stub.ServerCalls$StreamingServerCallHandler$StreamingServerCallListener.onMessage(ServerCalls.java:262)
	at io.grpc.ForwardingServerCallListener.onMessage(ForwardingServerCallListener.java:33)
	at io.grpc.Contexts$ContextualizedServerCallListener.onMessage(Contexts.java:76)
	at io.grpc.ForwardingServerCallListener.onMessage(ForwardingServerCallListener.java:33)
	at io.grpc.Contexts$ContextualizedServerCallListener.onMessage(Contexts.java:76)
	at io.grpc.internal.ServerCallImpl$ServerStreamListenerImpl.messagesAvailableInternal(ServerCallImpl.java:334)
	at io.grpc.internal.ServerCallImpl$ServerStreamListenerImpl.messagesAvailable(ServerCallImpl.java:319)
	at io.grpc.internal.ServerImpl$JumpToApplicationThreadServerStreamListener$1MessagesAvailable.runInContext(ServerImpl.java:852)
	at io.grpc.internal.ContextRunnable.run(ContextRunnable.java:37)
	at io.grpc.internal.SerializingExecutor.run(SerializingExecutor.java:133)
	at java.base/java.util.concurrent.ThreadPoolExecutor.runWorker(Unknown Source)
	at java.base/java.util.concurrent.ThreadPoolExecutor$Worker.run(Unknown Source)
	at java.base/java.lang.Thread.run(Unknown Source)

Oct 03, 2026 7:50:35 PM com.google.cloud.datastore.emulator.impl.util.WrappedStreamObserver onError
WARNING: Operation failed: 
false for 'create' @ L313, false for 'create' @ L347, false for 'update' @ L318, false for 'update' @ L347
com.google.cloud.datastore.core.exception.DatastoreException: 
false for 'create' @ L313, false for 'create' @ L347, false for 'update' @ L318, false for 'update' @ L347
	at com.google.cloud.datastore.core.exception.DatastoreException$Builder.build(DatastoreException.java:152)
	at com.google.cloud.datastore.emulator.impl.rules.DefaultEmulatorRulesAuthorizer.verboseError(DefaultEmulatorRulesAuthorizer.java:349)
	at com.google.cloud.datastore.emulator.impl.rules.DefaultEmulatorRulesAuthorizer.withVerboseErrors(DefaultEmulatorRulesAuthorizer.java:326)
	at com.google.cloud.datastore.emulator.impl.rules.DefaultEmulatorRulesAuthorizer.checkCommit(DefaultEmulatorRulesAuthorizer.java:113)
	at com.google.cloud.datastore.emulator.impl.firestore.FirestoreEmulatorHelper.commitHelper(FirestoreEmulatorHelper.java:407)
	at com.google.cloud.datastore.emulator.impl.firestore.FirestoreEmulatorHelper.internalCommit(FirestoreEmulatorHelper.java:348)
	at com.google.cloud.datastore.emulator.impl.firestore.CloudFirestoreV1.internalCommit(CloudFirestoreV1.java:1336)
	at com.google.cloud.datastore.emulator.impl.firestore.CloudFirestoreV1.write(CloudFirestoreV1.java:1321)
	at com.google.cloud.datastore.emulator.impl.firestore.CloudFirestoreV1WriteStream.handleRequest(CloudFirestoreV1WriteStream.java:222)
	at com.google.cloud.datastore.emulator.impl.firestore.CloudFirestoreV1WriteStream.write(CloudFirestoreV1WriteStream.java:144)
	at com.google.cloud.datastore.emulator.impl.firestore.CloudFirestoreV1WriteStream.onNext(CloudFirestoreV1WriteStream.java:99)
	at com.google.cloud.datastore.emulator.impl.firestore.CloudFirestoreV1WriteStream.onNext(CloudFirestoreV1WriteStream.java:27)
	at io.grpc.stub.ServerCalls$StreamingServerCallHandler$StreamingServerCallListener.onMessage(ServerCalls.java:262)
	at io.grpc.ForwardingServerCallListener.onMessage(ForwardingServerCallListener.java:33)
	at io.grpc.Contexts$ContextualizedServerCallListener.onMessage(Contexts.java:76)
	at io.grpc.ForwardingServerCallListener.onMessage(ForwardingServerCallListener.java:33)
	at io.grpc.Contexts$ContextualizedServerCallListener.onMessage(Contexts.java:76)
	at io.grpc.internal.ServerCallImpl$ServerStreamListenerImpl.messagesAvailableInternal(ServerCallImpl.java:334)
	at io.grpc.internal.ServerCallImpl$ServerStreamListenerImpl.messagesAvailable(ServerCallImpl.java:319)
	at io.grpc.internal.ServerImpl$JumpToApplicationThreadServerStreamListener$1MessagesAvailable.runInContext(ServerImpl.java:852)
	at io.grpc.internal.ContextRunnable.run(ContextRunnable.java:37)
	at io.grpc.internal.SerializingExecutor.run(SerializingExecutor.java:133)
	at java.base/java.util.concurrent.ThreadPoolExecutor.runWorker(Unknown Source)
	at java.base/java.util.concurrent.ThreadPoolExecutor$Worker.run(Unknown Source)
	at java.base/java.lang.Thread.run(Unknown Source)

*** shutting down gRPC server since JVM is shutting down
*** server shut down
